Dependency metrics (2),Fri, 28 Feb 2025 10:30:37 GMT-06:00
Class,CBO,Cyclic,Dcy,Dcy*,Dpt,Dpt*,PDcy,PDpt
DojoFileStorageProvider,0,0,0,0,0,0,0,0
br.org.scadabr.rt.dataSource.dnp3.Dnp3DataSource,15,408,13,509,3,573,7,2
br.org.scadabr.rt.dataSource.dnp3.Dnp3IpDataSource,2,408,2,509,1,573,2,1
br.org.scadabr.rt.dataSource.dnp3.Dnp3PointLocatorRT,2,408,2,509,1,573,2,1
br.org.scadabr.rt.dataSource.dnp3.Dnp3SerialDataSource,2,408,2,509,1,573,2,1
br.org.scadabr.rt.dataSource.opc.OPCDataSourceRT,10,408,10,509,1,573,6,1
br.org.scadabr.rt.dataSource.opc.OPCPointLocatorRT,2,408,2,509,1,573,2,1
br.org.scadabr.vo.dataSource.dnp3.Dnp3DataSourceVO,13,408,10,509,4,573,7,3
br.org.scadabr.vo.dataSource.dnp3.Dnp3IpDataSourceVO,5,408,4,509,3,573,4,3
br.org.scadabr.vo.dataSource.dnp3.Dnp3PointLocatorVO,7,408,4,509,4,573,4,3
br.org.scadabr.vo.dataSource.dnp3.Dnp3SerialDataSourceVO,5,408,4,509,3,573,4,3
br.org.scadabr.vo.dataSource.opc.OPCDataSourceVO,12,408,11,509,3,573,8,3
br.org.scadabr.vo.dataSource.opc.OPCPointLocatorVO,9,408,6,509,4,573,6,3
com.serotonin.mango.Common,194,408,10,509,188,573,7,77
com.serotonin.mango.DataTypes,105,408,2,509,104,573,2,57
com.serotonin.mango.ImageSaveException,2,0,0,0,2,574,0,2
com.serotonin.mango.MangoContextListener,32,0,32,546,0,0,16,0
com.serotonin.mango.db.BasePooledAccess,4,408,2,509,2,573,2,1
com.serotonin.mango.db.DBConvert,1,408,1,509,1,573,1,1
com.serotonin.mango.db.DatabaseAccess,27,408,10,509,21,573,7,7
com.serotonin.mango.db.DatabaseAccess.DatabaseType,14,408,4,509,14,573,1,3
com.serotonin.mango.db.DatabaseAccessUtils,1,0,0,0,1,574,0,1
com.serotonin.mango.db.DerbyAccess,5,408,5,509,1,573,3,1
com.serotonin.mango.db.DerbyAccess.IdentityStart,1,0,0,0,1,574,0,1
com.serotonin.mango.db.MSSQLAccess,2,408,2,509,1,573,1,1
com.serotonin.mango.db.MySQLAccess,3,408,3,509,1,573,2,1
com.serotonin.mango.db.dao.BaseDao,33,408,3,509,30,573,3,2
com.serotonin.mango.db.dao.CompoundEventDetectorDao,15,408,7,509,9,573,4,6
com.serotonin.mango.db.dao.CompoundEventDetectorDao.CompoundEventDetectorRowMapper,3,408,2,509,1,573,2,1
com.serotonin.mango.db.dao.DataPointDao,74,408,22,509,57,573,11,26
com.serotonin.mango.db.dao.DataPointDao.DataPointRowMapper,4,408,3,509,1,573,3,1
com.serotonin.mango.db.dao.DataPointDao.EventDetectorRowMapper,4,408,3,509,1,573,3,1
com.serotonin.mango.db.dao.DataSourceDao,29,408,14,509,17,573,7,12
com.serotonin.mango.db.dao.DataSourceDao.DataSourceNameComparator,2,408,1,509,1,573,1,1
com.serotonin.mango.db.dao.DataSourceDao.DataSourceRowMapper,2,408,1,509,1,573,1,1
com.serotonin.mango.db.dao.EventDao,36,408,24,509,17,573,7,8
com.serotonin.mango.db.dao.EventDao.EventHandlerRowMapper,2,408,1,509,1,573,1,1
com.serotonin.mango.db.dao.EventDao.EventInstanceRowMapper,6,408,4,509,3,573,3,1
com.serotonin.mango.db.dao.EventDao.PendingEventCacheEntry,2,408,2,509,1,573,2,1
com.serotonin.mango.db.dao.EventDao.UserEventInstanceRowMapper,4,408,3,509,1,573,2,1
com.serotonin.mango.db.dao.EventDao.UserPendingEventRetriever,3,408,3,509,1,573,2,1
com.serotonin.mango.db.dao.MailingListDao,20,408,10,509,11,573,4,6
com.serotonin.mango.db.dao.MailingListDao.EmailRecipientRowMapper,5,408,4,509,1,573,1,1
com.serotonin.mango.db.dao.MailingListDao.MailingListRowMapper,2,408,1,509,1,573,1,1
com.serotonin.mango.db.dao.MailingListDao.MailingListScheduleInactiveMapper,1,0,0,0,1,574,0,1
com.serotonin.mango.db.dao.MaintenanceEventDao,14,408,7,509,8,573,4,5
com.serotonin.mango.db.dao.MaintenanceEventDao.MaintenanceEventRowMapper,3,408,2,509,1,573,2,1
com.serotonin.mango.db.dao.PointLinkDao,10,408,5,509,5,573,4,4
com.serotonin.mango.db.dao.PointLinkDao.PointLinkRowMapper,3,408,2,509,1,573,2,1
com.serotonin.mango.db.dao.PointValueDao,40,408,23,509,21,573,7,10
com.serotonin.mango.db.dao.PointValueDao.BatchWriteBehind,9,408,9,509,1,573,6,1
com.serotonin.mango.db.dao.PointValueDao.BatchWriteBehindEntry,2,408,1,509,2,573,1,1
com.serotonin.mango.db.dao.PointValueDao.IdPointValueRowMapper,3,408,3,509,1,573,3,1
com.serotonin.mango.db.dao.PointValueDao.PointValueRowMapper,4,408,4,509,1,573,3,1
com.serotonin.mango.db.dao.PointValueDao.UnsavedPointValue,3,408,2,509,1,573,1,1
com.serotonin.mango.db.dao.PublisherDao,16,408,7,509,11,573,4,8
com.serotonin.mango.db.dao.PublisherDao.PublisherNameComparator,3,0,1,510,2,2,1,1
com.serotonin.mango.db.dao.PublisherDao.PublisherRowMapper,3,408,2,509,1,573,1,1
com.serotonin.mango.db.dao.ReportDao,40,0,33,518,7,15,12,7
com.serotonin.mango.db.dao.ReportDao.PointInfo,3,0,1,510,2,16,1,2
com.serotonin.mango.db.dao.ReportDao.ReportCommentRowMapper,2,0,1,1,1,16,1,1
com.serotonin.mango.db.dao.ReportDao.ReportInstanceRowMapper,3,0,2,510,1,16,2,1
com.serotonin.mango.db.dao.ReportDao.ReportRowMapper,2,0,1,510,1,16,1,1
com.serotonin.mango.db.dao.ScheduledEventDao,15,408,7,509,9,573,4,5
com.serotonin.mango.db.dao.ScheduledEventDao.ScheduledEventRowMapper,3,408,2,509,1,573,2,1
com.serotonin.mango.db.dao.SystemSettingsDao,20,408,3,509,18,573,2,14
com.serotonin.mango.db.dao.UserCommentRowMapper,3,0,1,1,2,574,1,1
com.serotonin.mango.db.dao.UserDao,35,408,10,509,25,573,6,13
com.serotonin.mango.db.dao.UserDao.UserRowMapper,3,408,2,509,1,573,2,1
com.serotonin.mango.db.dao.ViewDao,15,408,6,509,10,573,3,5
com.serotonin.mango.db.dao.ViewDao.ViewNameRowMapper,1,0,1,510,0,0,1,0
com.serotonin.mango.db.dao.ViewDao.ViewRowMapper,2,408,1,509,1,573,1,1
com.serotonin.mango.db.dao.ViewDao.ViewUserRowMapper,2,408,1,509,1,573,1,1
com.serotonin.mango.db.dao.WatchListDao,16,408,8,509,9,573,4,6
com.serotonin.mango.db.dao.WatchListDao.WatchListRowMapper,2,408,1,509,1,573,1,1
com.serotonin.mango.db.dao.WatchListDao.WatchListUserRowMapper,2,408,1,509,1,573,1,1
com.serotonin.mango.db.upgrade.DBUpgrade,43,408,5,509,39,573,4,2
com.serotonin.mango.db.upgrade.Upgrade0_10_0,1,0,1,510,0,0,1,0
com.serotonin.mango.db.upgrade.Upgrade0_7_0,11,0,11,512,0,0,5,0
com.serotonin.mango.db.upgrade.Upgrade0_7_0.DataPointRowMapper,21,0,20,510,1,1,6,1
com.serotonin.mango.db.upgrade.Upgrade0_7_0.DataSourceRowMapper,9,0,8,510,1,1,5,1
com.serotonin.mango.db.upgrade.Upgrade0_8_0,1,0,1,510,0,0,1,0
com.serotonin.mango.db.upgrade.Upgrade0_8_1,1,0,1,510,0,0,1,0
com.serotonin.mango.db.upgrade.Upgrade0_9_0,1,0,1,510,0,0,1,0
com.serotonin.mango.db.upgrade.Upgrade0_9_1,1,0,1,510,0,0,1,0
com.serotonin.mango.db.upgrade.Upgrade0_9_2,4,0,4,510,0,0,3,0
com.serotonin.mango.db.upgrade.Upgrade1_0_0,1,0,1,510,0,0,1,0
com.serotonin.mango.db.upgrade.Upgrade1_0_1,4,0,4,523,0,0,3,0
com.serotonin.mango.db.upgrade.Upgrade1_0_1.PointViewRowMapper,9,0,8,522,1,1,5,1
com.serotonin.mango.db.upgrade.Upgrade1_10_0,4,0,4,510,0,0,3,0
com.serotonin.mango.db.upgrade.Upgrade1_11_0,1,0,1,510,0,0,1,0
com.serotonin.mango.db.upgrade.Upgrade1_11_1,1,0,1,510,0,0,1,0
com.serotonin.mango.db.upgrade.Upgrade1_11_2,1,0,1,510,0,0,1,0
com.serotonin.mango.db.upgrade.Upgrade1_12_0,1,0,1,510,0,0,1,0
com.serotonin.mango.db.upgrade.Upgrade1_12_1,1,0,1,510,0,0,1,0
com.serotonin.mango.db.upgrade.Upgrade1_12_2,1,0,1,510,0,0,1,0
com.serotonin.mango.db.upgrade.Upgrade1_1_0,1,0,1,510,0,0,1,0
com.serotonin.mango.db.upgrade.Upgrade1_1_1,6,0,6,513,0,0,2,0
com.serotonin.mango.db.upgrade.Upgrade1_1_1.EventHandlerRowMapper,5,0,4,511,1,1,3,1
com.serotonin.mango.db.upgrade.Upgrade1_1_1.EventTypeAndHandler,4,0,2,510,2,2,1,1
com.serotonin.mango.db.upgrade.Upgrade1_1_1.RecipientListEntryBeanRowMapper,2,0,1,510,1,1,1,1
com.serotonin.mango.db.upgrade.Upgrade1_2_0,1,0,1,510,0,0,1,0
com.serotonin.mango.db.upgrade.Upgrade1_2_1,1,0,1,510,0,0,1,0
com.serotonin.mango.db.upgrade.Upgrade1_2_2,1,0,1,510,0,0,1,0
com.serotonin.mango.db.upgrade.Upgrade1_2_3,1,0,1,510,0,0,1,0
com.serotonin.mango.db.upgrade.Upgrade1_3_0,1,0,1,510,0,0,1,0
com.serotonin.mango.db.upgrade.Upgrade1_4_0,1,0,1,510,0,0,1,0
com.serotonin.mango.db.upgrade.Upgrade1_4_1,1,0,1,510,0,0,1,0
com.serotonin.mango.db.upgrade.Upgrade1_4_2,1,0,1,510,0,0,1,0
com.serotonin.mango.db.upgrade.Upgrade1_5_0,30,0,30,521,0,0,7,0
com.serotonin.mango.db.upgrade.Upgrade1_6_0,4,0,4,510,0,0,3,0
com.serotonin.mango.db.upgrade.Upgrade1_6_1,1,0,1,510,0,0,1,0
com.serotonin.mango.db.upgrade.Upgrade1_6_2,3,0,3,510,0,0,2,0
com.serotonin.mango.db.upgrade.Upgrade1_6_3,3,0,3,510,0,0,2,0
com.serotonin.mango.db.upgrade.Upgrade1_6_4,3,0,3,510,0,0,2,0
com.serotonin.mango.db.upgrade.Upgrade1_7_0,3,0,3,510,0,0,2,0
com.serotonin.mango.db.upgrade.Upgrade1_8_0,1,0,1,510,0,0,1,0
com.serotonin.mango.db.upgrade.Upgrade1_8_1,1,0,1,510,0,0,1,0
com.serotonin.mango.db.upgrade.Upgrade1_8_2,1,0,1,510,0,0,1,0
com.serotonin.mango.db.upgrade.Upgrade1_8_3,8,0,8,510,0,0,3,0
com.serotonin.mango.db.upgrade.Upgrade1_9_0,3,0,3,510,0,0,2,0
com.serotonin.mango.rt.EventManager,34,408,19,509,18,573,10,15
com.serotonin.mango.rt.RTException,2,0,0,0,2,574,0,2
com.serotonin.mango.rt.RuntimeManager,87,408,42,509,52,573,24,25
com.serotonin.mango.rt.dataImage.AnnotatedPointValueTime,8,408,4,509,4,573,2,3
com.serotonin.mango.rt.dataImage.DataPointEventMulticaster,3,408,2,509,1,573,1,1
com.serotonin.mango.rt.dataImage.DataPointRT,87,408,28,509,60,573,14,36
com.serotonin.mango.rt.dataImage.DataPointRT.EventNotifyWorkItem,4,408,3,509,1,573,2,1
com.serotonin.mango.rt.dataImage.HistoricalDataPoint,5,0,4,510,1,2,2,1
com.serotonin.mango.rt.dataImage.IdPointValueTime,5,408,2,509,3,573,2,2
com.serotonin.mango.rt.dataImage.PointValueCache,4,408,3,509,1,573,2,1
com.serotonin.mango.rt.dataImage.PointValueFacade,10,408,6,509,4,573,5,3
com.serotonin.mango.rt.dataImage.PointValueTime,129,408,6,509,123,573,2,47
com.serotonin.mango.rt.dataImage.PvtTimeComparator,2,408,1,509,1,573,1,1
com.serotonin.mango.rt.dataImage.types.AlphanumericValue,15,408,2,509,14,573,2,12
com.serotonin.mango.rt.dataImage.types.BinaryValue,26,408,2,509,25,573,2,19
com.serotonin.mango.rt.dataImage.types.ImageValue,18,408,3,509,16,573,2,13
com.serotonin.mango.rt.dataImage.types.MangoValue,96,408,6,509,96,573,2,38
com.serotonin.mango.rt.dataImage.types.MultistateValue,20,408,2,509,19,573,2,17
com.serotonin.mango.rt.dataImage.types.NumericValue,32,408,2,509,31,573,2,20
com.serotonin.mango.rt.dataSource.DataSourceRT,64,408,9,509,56,573,7,48
com.serotonin.mango.rt.dataSource.DataSourceUtils,16,408,10,509,6,573,4,6
com.serotonin.mango.rt.dataSource.EventDataSource,11,408,5,509,6,573,3,6
com.serotonin.mango.rt.dataSource.NoMatchException,3,0,0,0,3,574,0,3
com.serotonin.mango.rt.dataSource.PointLocatorRT,55,0,0,0,55,574,0,51
com.serotonin.mango.rt.dataSource.PollingDataSource,24,408,6,509,18,573,5,17
com.serotonin.mango.rt.dataSource.bacnet.BACnetIPDataSourceRT,20,408,20,509,3,573,10,2
com.serotonin.mango.rt.dataSource.bacnet.BACnetIPDataSourceRT.CovResubscriptionTask,3,408,3,509,1,573,2,1
com.serotonin.mango.rt.dataSource.bacnet.BACnetIPDataSourceRT.DevicePoller,4,408,4,509,1,573,4,1
com.serotonin.mango.rt.dataSource.bacnet.BACnetIPPointLocatorRT,4,408,2,509,3,573,2,2
com.serotonin.mango.rt.dataSource.ebro.EBI25Constants,9,408,3,509,6,573,3,4
com.serotonin.mango.rt.dataSource.ebro.EBI25DataSourceRT,10,408,10,509,1,573,4,1
com.serotonin.mango.rt.dataSource.ebro.EBI25PointLocatorRT,3,408,2,509,2,573,2,2
com.serotonin.mango.rt.dataSource.ebro.ExceptionResultException,3,0,0,0,3,574,0,2
com.serotonin.mango.rt.dataSource.galil.CommandPointTypeRT,4,408,4,509,1,573,3,1
com.serotonin.mango.rt.dataSource.galil.GalilDataSourceRT,14,408,13,509,5,573,6,3
com.serotonin.mango.rt.dataSource.galil.GalilMessageParser,4,408,3,509,2,573,1,2
com.serotonin.mango.rt.dataSource.galil.GalilPointLocatorRT,6,408,4,509,2,573,3,2
com.serotonin.mango.rt.dataSource.galil.GalilRequest,3,408,1,509,3,573,1,1
com.serotonin.mango.rt.dataSource.galil.GalilResponse,3,408,1,509,3,573,1,2
com.serotonin.mango.rt.dataSource.galil.GalilWaitingRoomKeyFactory,2,0,1,1,1,574,1,1
com.serotonin.mango.rt.dataSource.galil.GalilWaitingRoomKeyFactory.GalilWaitingRoomKey,1,0,0,0,1,575,0,1
com.serotonin.mango.rt.dataSource.galil.InputPointTypeRT,5,408,5,509,1,573,4,1
com.serotonin.mango.rt.dataSource.galil.OutputPointTypeRT,4,408,4,509,1,573,3,1
com.serotonin.mango.rt.dataSource.galil.PointTypeRT,16,408,4,509,13,573,4,2
com.serotonin.mango.rt.dataSource.galil.TellPositionPointTypeRT,4,408,4,509,1,573,3,1
com.serotonin.mango.rt.dataSource.galil.VariablePointTypeRT,8,408,8,509,1,573,4,1
com.serotonin.mango.rt.dataSource.http.HttpImageDataSourceRT,9,408,9,509,2,573,5,2
com.serotonin.mango.rt.dataSource.http.HttpImageDataSourceRT.ImageRetriever,9,408,9,509,2,573,7,1
com.serotonin.mango.rt.dataSource.http.HttpImageDataSourceRT.ImageRetrieverMonitor,5,408,4,509,2,573,4,1
com.serotonin.mango.rt.dataSource.http.HttpImagePointLocatorRT,2,408,2,509,1,573,2,1
com.serotonin.mango.rt.dataSource.http.HttpReceiverData,7,0,1,1,6,576,1,4
com.serotonin.mango.rt.dataSource.http.HttpReceiverDataSourceRT,16,408,16,509,1,573,7,1
com.serotonin.mango.rt.dataSource.http.HttpReceiverMulticaster,7,0,2,3,5,574,1,5
com.serotonin.mango.rt.dataSource.http.HttpReceiverPointLocatorRT,3,408,2,509,2,573,2,2
com.serotonin.mango.rt.dataSource.http.HttpReceiverPointSample,2,0,0,0,2,577,0,1
com.serotonin.mango.rt.dataSource.http.HttpRetrieverDataSourceRT,13,408,12,509,2,573,7,2
com.serotonin.mango.rt.dataSource.http.HttpRetrieverPointLocatorRT,4,408,3,509,2,573,3,2
com.serotonin.mango.rt.dataSource.internal.InternalDataSourceRT,8,408,8,509,1,573,5,1
com.serotonin.mango.rt.dataSource.internal.InternalPointLocatorRT,3,408,2,509,2,573,2,2
com.serotonin.mango.rt.dataSource.jmx.JmxDataSourceRT,9,408,9,509,1,573,5,1
com.serotonin.mango.rt.dataSource.jmx.JmxPointLocatorRT,4,408,3,509,2,573,3,2
com.serotonin.mango.rt.dataSource.mbus.MBusConnectionType,2,0,0,0,2,574,0,2
com.serotonin.mango.rt.dataSource.mbus.MBusDataSourceRT,8,408,8,509,1,573,5,1
com.serotonin.mango.rt.dataSource.mbus.MBusPointLocatorRT,5,408,4,509,2,573,3,2
com.serotonin.mango.rt.dataSource.meta.AbstractPointWrapper,10,408,4,509,6,573,3,1
com.serotonin.mango.rt.dataSource.meta.AlphanumericPointWrapper,8,408,7,509,1,573,5,1
com.serotonin.mango.rt.dataSource.meta.BinaryPointWrapper,8,408,7,509,1,573,4,1
com.serotonin.mango.rt.dataSource.meta.DataPointStateException,3,0,0,0,3,574,0,2
com.serotonin.mango.rt.dataSource.meta.DistinctPointWrapper,8,408,6,509,2,573,4,1
com.serotonin.mango.rt.dataSource.meta.HistoricalMetaPointLocatorRT,12,0,11,512,1,1,6,1
com.serotonin.mango.rt.dataSource.meta.MetaDataSourceRT,9,408,8,509,3,573,6,3
com.serotonin.mango.rt.dataSource.meta.MetaPointExecutionException,2,0,0,0,2,2,0,2
com.serotonin.mango.rt.dataSource.meta.MetaPointLocatorRT,18,408,16,509,6,573,8,3
com.serotonin.mango.rt.dataSource.meta.MetaPointLocatorRT.ExecutionDelayTimeout,2,408,2,509,1,573,2,1
com.serotonin.mango.rt.dataSource.meta.MetaPointLocatorRT.ScheduledUpdateTimeout,2,408,2,509,1,573,2,1
com.serotonin.mango.rt.dataSource.meta.MultistatePointWrapper,8,408,7,509,1,573,4,1
com.serotonin.mango.rt.dataSource.meta.NumericPointWrapper,8,408,7,509,1,573,5,1
com.serotonin.mango.rt.dataSource.meta.ResultTypeException,5,0,0,0,5,574,0,3
com.serotonin.mango.rt.dataSource.meta.ScriptExecutor,26,408,21,509,5,573,6,4
com.serotonin.mango.rt.dataSource.meta.WrapperContext,8,408,1,509,7,573,1,1
com.serotonin.mango.rt.dataSource.modbus.ModbusDataSource,20,408,17,509,4,573,11,3
com.serotonin.mango.rt.dataSource.modbus.ModbusIpDataSource,3,408,3,509,1,573,2,1
com.serotonin.mango.rt.dataSource.modbus.ModbusPointLocatorRT,3,408,2,509,2,573,2,2
com.serotonin.mango.rt.dataSource.modbus.ModbusSerialDataSource,4,408,4,509,1,573,3,1
com.serotonin.mango.rt.dataSource.nmea.NmeaDataSourceRT,14,408,14,509,1,573,7,1
com.serotonin.mango.rt.dataSource.nmea.NmeaMessage,5,0,1,1,4,577,0,2
com.serotonin.mango.rt.dataSource.nmea.NmeaPointLocatorRT,3,408,2,509,2,573,2,2
com.serotonin.mango.rt.dataSource.nmea.NmeaReceiver,5,0,3,3,2,575,1,2
com.serotonin.mango.rt.dataSource.onewire.Network,5,408,3,509,3,573,1,2
com.serotonin.mango.rt.dataSource.onewire.NetworkPath,5,408,3,509,3,573,1,2
com.serotonin.mango.rt.dataSource.onewire.NetworkPathElement,2,0,0,0,2,574,0,1
com.serotonin.mango.rt.dataSource.onewire.OneWireContainerAttribute,2,408,1,509,1,573,1,1
com.serotonin.mango.rt.dataSource.onewire.OneWireContainerInfo,6,408,3,509,3,573,2,2
com.serotonin.mango.rt.dataSource.onewire.OneWireDataSourceRT,20,408,19,509,2,573,7,2
com.serotonin.mango.rt.dataSource.onewire.OneWireDataSourceRT.NetworkReloadException,1,0,0,0,1,574,0,1
com.serotonin.mango.rt.dataSource.onewire.OneWirePointLocatorRT,3,408,2,509,2,573,2,2
com.serotonin.mango.rt.dataSource.openv4j.OpenV4JDataSourceRT,11,408,11,509,1,573,7,1
com.serotonin.mango.rt.dataSource.openv4j.OpenV4JPointLocatorRT,3,408,2,509,2,573,2,2
com.serotonin.mango.rt.dataSource.pachube.PachubeDataSourceRT,15,408,12,509,4,573,7,3
com.serotonin.mango.rt.dataSource.pachube.PachubePointLocatorRT,3,408,2,509,2,573,2,2
com.serotonin.mango.rt.dataSource.pachube.PachubeValue,2,0,0,0,2,574,0,2
com.serotonin.mango.rt.dataSource.persistent.DoAbortException,1,0,0,0,1,574,0,1
com.serotonin.mango.rt.dataSource.persistent.PersistentDataSourceRT,7,408,7,509,2,573,6,2
com.serotonin.mango.rt.dataSource.persistent.PersistentDataSourceRT.ConnectionHandler,32,408,32,509,2,573,13,1
com.serotonin.mango.rt.dataSource.persistent.PersistentDataSourceRT.ConnectionHandler.PacketInfo,1,0,0,0,1,574,0,1
com.serotonin.mango.rt.dataSource.persistent.PersistentDataSourceRT.ConnectionHandler.RangeCountHandler,5,408,5,509,1,573,4,1
com.serotonin.mango.rt.dataSource.persistent.PersistentPointLocatorRT,2,408,2,509,1,573,2,1
com.serotonin.mango.rt.dataSource.pop3.Pop3DataSourceRT,12,408,12,509,1,573,6,1
com.serotonin.mango.rt.dataSource.pop3.Pop3Email,1,0,0,0,1,574,0,1
com.serotonin.mango.rt.dataSource.pop3.Pop3PointLocatorRT,4,408,3,509,2,573,3,2
com.serotonin.mango.rt.dataSource.snmp.SnmpDataSourceRT,11,408,10,509,3,573,4,2
com.serotonin.mango.rt.dataSource.snmp.SnmpPointLocatorRT,10,408,9,509,2,573,4,2
com.serotonin.mango.rt.dataSource.snmp.SnmpTrapRouter,2,408,2,509,1,573,1,1
com.serotonin.mango.rt.dataSource.snmp.SnmpTrapRouter.PortListener,2,408,1,509,1,573,1,1
com.serotonin.mango.rt.dataSource.snmp.SnmpUtils,2,0,0,0,2,579,0,1
com.serotonin.mango.rt.dataSource.snmp.Version,6,3,3,4,5,578,1,3
com.serotonin.mango.rt.dataSource.snmp.Version1,3,3,2,4,2,578,1,1
com.serotonin.mango.rt.dataSource.snmp.Version2c,2,3,1,4,1,578,1,1
com.serotonin.mango.rt.dataSource.snmp.Version3,2,3,2,4,1,578,1,1
com.serotonin.mango.rt.dataSource.spinwave.SpinwaveDataSourceRT,8,408,8,509,1,573,5,1
com.serotonin.mango.rt.dataSource.spinwave.SpinwavePointLocatorRT,3,408,2,509,2,573,2,2
com.serotonin.mango.rt.dataSource.sql.SqlDataSourceRT,17,408,17,509,1,573,7,1
com.serotonin.mango.rt.dataSource.sql.SqlPointLocatorRT,3,408,2,509,2,573,2,2
com.serotonin.mango.rt.dataSource.viconics.ViconicsDataSourceRT,36,408,35,509,2,573,17,2
com.serotonin.mango.rt.dataSource.viconics.ViconicsDataSourceRT.PointKey,4,408,3,509,1,573,3,1
com.serotonin.mango.rt.dataSource.viconics.ViconicsPointLocatorRT,2,408,2,509,1,573,2,1
com.serotonin.mango.rt.dataSource.virtual.AlternateBooleanChangeRT,4,408,3,509,1,573,2,1
com.serotonin.mango.rt.dataSource.virtual.AnalogAttractorChangeRT,9,408,9,509,1,573,7,1
com.serotonin.mango.rt.dataSource.virtual.BrownianChangeRT,4,408,4,509,1,573,3,1
com.serotonin.mango.rt.dataSource.virtual.ChangeTypeRT,22,408,1,509,21,573,1,2
com.serotonin.mango.rt.dataSource.virtual.IncrementAnalogChangeRT,4,408,4,509,1,573,3,1
com.serotonin.mango.rt.dataSource.virtual.IncrementMultistateChangeRT,5,408,5,509,1,573,3,1
com.serotonin.mango.rt.dataSource.virtual.NoChangeRT,3,408,2,509,1,573,2,1
com.serotonin.mango.rt.dataSource.virtual.RandomAnalogChangeRT,4,408,4,509,1,573,3,1
com.serotonin.mango.rt.dataSource.virtual.RandomBooleanChangeRT,4,408,3,509,1,573,2,1
com.serotonin.mango.rt.dataSource.virtual.RandomMultistateChangeRT,5,408,5,509,1,573,3,1
com.serotonin.mango.rt.dataSource.virtual.VirtualDataSourceRT,7,408,7,509,1,573,4,1
com.serotonin.mango.rt.dataSource.virtual.VirtualPointLocatorRT,5,408,3,509,2,573,3,2
com.serotonin.mango.rt.dataSource.vmstat.VMStatDataSourceRT,10,408,10,509,1,573,4,1
com.serotonin.mango.rt.dataSource.vmstat.VMStatPointLocatorRT,3,408,2,509,2,573,2,2
com.serotonin.mango.rt.event.AlarmLevels,25,0,1,2,24,574,1,18
com.serotonin.mango.rt.event.EventInstance,27,408,8,509,20,573,5,8
com.serotonin.mango.rt.event.SimpleEventDetector,7,1,2,2,6,575,1,5
com.serotonin.mango.rt.event.compound.AndOperator,3,408,2,509,1,573,1,1
com.serotonin.mango.rt.event.compound.BinaryOperator,4,408,2,509,2,573,1,1
com.serotonin.mango.rt.event.compound.CompoundEventDetectorRT,22,408,21,509,7,573,8,3
com.serotonin.mango.rt.event.compound.CompoundEventDetectorRT.ConditionStatementCharacter,1,0,0,0,1,574,0,1
com.serotonin.mango.rt.event.compound.ConditionParseException,2,0,0,0,2,574,0,2
com.serotonin.mango.rt.event.compound.EventDetectorWrapper,7,408,7,509,1,573,5,1
com.serotonin.mango.rt.event.compound.LogicalOperator,8,408,1,509,8,573,1,2
com.serotonin.mango.rt.event.compound.NotOperator,2,408,2,509,1,573,1,1
com.serotonin.mango.rt.event.compound.OrOperator,3,408,2,509,1,573,1,1
com.serotonin.mango.rt.event.compound.Parenthesis,2,408,2,509,1,573,1,1
com.serotonin.mango.rt.event.detectors.AlphanumericStateDetectorRT,7,408,7,509,1,573,5,1
com.serotonin.mango.rt.event.detectors.AnalogHighLimitDetectorRT,7,408,7,509,1,573,5,1
com.serotonin.mango.rt.event.detectors.AnalogLowLimitDetectorRT,7,408,7,509,1,573,5,1
com.serotonin.mango.rt.event.detectors.BinaryStateDetectorRT,7,408,7,509,1,573,5,1
com.serotonin.mango.rt.event.detectors.DifferenceDetectorRT,12,408,10,509,2,573,7,1
com.serotonin.mango.rt.event.detectors.MultistateStateDetectorRT,7,408,7,509,1,573,5,1
com.serotonin.mango.rt.event.detectors.NegativeCusumDetectorRT,7,408,7,509,1,573,5,1
com.serotonin.mango.rt.event.detectors.NoChangeDetectorRT,6,408,6,509,1,573,4,1
com.serotonin.mango.rt.event.detectors.NoUpdateDetectorRT,6,408,6,509,1,573,4,1
com.serotonin.mango.rt.event.detectors.PointChangeDetectorRT,6,408,6,509,1,573,6,1
com.serotonin.mango.rt.event.detectors.PointEventDetectorRT,28,408,11,509,18,573,8,4
com.serotonin.mango.rt.event.detectors.PositiveCusumDetectorRT,7,408,7,509,1,573,5,1
com.serotonin.mango.rt.event.detectors.StateChangeCountDetectorRT,5,408,5,509,1,573,4,1
com.serotonin.mango.rt.event.detectors.StateDetectorRT,7,408,4,509,3,573,2,1
com.serotonin.mango.rt.event.detectors.TimeDelayedEventDetectorRT,16,408,10,509,6,573,8,1
com.serotonin.mango.rt.event.detectors.TimeoutDetectorRT,18,408,5,509,13,573,4,1
com.serotonin.mango.rt.event.handlers.EmailHandlerRT,16,408,15,509,2,573,10,2
com.serotonin.mango.rt.event.handlers.EmailHandlerRT.NotificationType,1,0,0,0,1,574,0,1
com.serotonin.mango.rt.event.handlers.EventHandlerRT,6,408,2,509,6,573,2,4
com.serotonin.mango.rt.event.handlers.ProcessHandlerRT,4,408,4,509,1,573,4,1
com.serotonin.mango.rt.event.handlers.SetPointHandlerRT,19,408,19,509,1,573,14,1
com.serotonin.mango.rt.event.maintenance.MaintenanceEventRT,11,408,9,509,3,573,7,3
com.serotonin.mango.rt.event.schedule.ScheduledEventRT,11,408,10,509,2,573,7,2
com.serotonin.mango.rt.event.type.AuditEventType,92,408,14,509,79,573,9,31
com.serotonin.mango.rt.event.type.CompoundDetectorEventType,9,408,5,509,4,573,3,4
com.serotonin.mango.rt.event.type.DataPointEventType,10,408,5,509,5,573,3,5
com.serotonin.mango.rt.event.type.DataSourceEventType,12,408,7,509,5,573,5,5
com.serotonin.mango.rt.event.type.EventType,53,408,17,509,48,573,7,26
com.serotonin.mango.rt.event.type.EventTypeFactory,12,408,12,509,1,573,2,1
com.serotonin.mango.rt.event.type.MaintenanceEventType,9,408,5,509,4,573,3,4
com.serotonin.mango.rt.event.type.PublisherEventType,13,408,6,509,7,573,4,7
com.serotonin.mango.rt.event.type.ScheduledEventType,9,408,5,509,4,573,3,4
com.serotonin.mango.rt.event.type.SystemEventType,23,408,10,509,15,573,8,12
com.serotonin.mango.rt.link.PointLinkRT,22,408,21,509,2,573,12,2
com.serotonin.mango.rt.maint.BackgroundProcessing,14,408,2,509,12,573,2,10
com.serotonin.mango.rt.maint.DataPurge,16,1,14,520,3,3,8,3
com.serotonin.mango.rt.maint.DataPurge.DataPurgeTask,1,1,1,520,1,3,1,1
com.serotonin.mango.rt.maint.MemoryCheck,1,0,1,510,0,0,1,0
com.serotonin.mango.rt.maint.VersionCheck,18,0,15,512,3,3,7,3
com.serotonin.mango.rt.maint.VersionCheck.NI,1,0,0,0,1,4,0,1
com.serotonin.mango.rt.maint.WorkItemMonitor,5,0,4,510,1,1,3,1
com.serotonin.mango.rt.maint.work.EmailWorkItem,14,408,8,509,6,573,7,3
com.serotonin.mango.rt.maint.work.ProcessWorkItem,9,408,7,509,4,573,5,3
com.serotonin.mango.rt.maint.work.ProcessWorkItem.InputReader,2,408,2,509,1,573,1,1
com.serotonin.mango.rt.maint.work.ProcessWorkItem.ProcessTimeout,2,408,2,509,1,573,1,1
com.serotonin.mango.rt.maint.work.ReportWorkItem,21,0,19,537,2,3,8,2
com.serotonin.mango.rt.maint.work.SetPointWorkItem,8,408,6,509,2,573,5,2
com.serotonin.mango.rt.publish.PublishQueue,11,408,4,509,8,573,3,4
com.serotonin.mango.rt.publish.PublishQueueEntry,8,408,2,509,6,573,2,4
com.serotonin.mango.rt.publish.PublishedPointRT,10,408,8,509,3,573,6,2
com.serotonin.mango.rt.publish.PublisherRT,26,408,16,509,14,573,9,9
com.serotonin.mango.rt.publish.SendThread,4,0,0,0,4,574,0,4
com.serotonin.mango.rt.publish.httpSender.HttpSenderRT,13,408,11,509,4,573,7,4
com.serotonin.mango.rt.publish.httpSender.HttpSenderRT.HttpSendThread,11,408,11,509,1,573,7,1
com.serotonin.mango.rt.publish.pachube.PachubePublishQueue,6,408,5,509,1,573,3,1
com.serotonin.mango.rt.publish.pachube.PachubeSenderRT,10,408,10,509,2,573,6,2
com.serotonin.mango.rt.publish.pachube.PachubeSenderRT.PachubeSendThread,13,408,13,509,1,573,9,1
com.serotonin.mango.rt.publish.persistent.Packet,10,0,5,5,5,574,1,2
com.serotonin.mango.rt.publish.persistent.PacketType,8,0,1,1,7,576,1,2
com.serotonin.mango.rt.publish.persistent.PayloadReadTimeoutException,3,0,1,2,2,575,1,2
com.serotonin.mango.rt.publish.persistent.PersistentAbortException,4,0,0,0,4,575,0,2
com.serotonin.mango.rt.publish.persistent.PersistentProtocolException,4,0,0,0,4,577,0,2
com.serotonin.mango.rt.publish.persistent.PersistentSenderRT,22,408,21,509,3,573,12,2
com.serotonin.mango.rt.publish.persistent.PersistentSenderRT.PersistentSendThread,25,408,25,509,3,573,11,1
com.serotonin.mango.rt.publish.persistent.PersistentSenderRT.PersistentSendThread.PointHierarchySync,4,408,4,509,1,573,2,1
com.serotonin.mango.rt.publish.persistent.PersistentSenderRT.PersistentSendThread.SyncHandler,16,408,16,509,1,573,11,1
com.serotonin.mango.util.BackgroundContext,4,408,1,509,3,573,1,2
com.serotonin.mango.util.CommPortConfigException,2,0,0,0,2,574,0,2
com.serotonin.mango.util.DateUtils,17,408,2,509,15,573,1,7
com.serotonin.mango.util.DocumentationItem,2,0,0,0,2,574,0,2
com.serotonin.mango.util.DocumentationManifest,4,408,2,509,2,573,2,2
com.serotonin.mango.util.ExportCodes,84,0,1,1,83,575,1,43
com.serotonin.mango.util.ExportCodes.Element,1,0,0,0,1,576,0,1
com.serotonin.mango.util.IntMessagePair,4,0,0,0,4,574,0,2
com.serotonin.mango.util.LocalizableJsonException,54,0,0,0,54,574,0,28
com.serotonin.mango.util.MangoGroveLogAppender,4,0,4,513,0,0,3,0
com.serotonin.mango.util.mindprod.StripEntities,2,0,1,1,1,13,0,1
com.serotonin.mango.util.test.DummyServletContext,0,0,0,0,0,0,0,0
com.serotonin.mango.util.timeout.ModelTimeoutTask,5,408,2,509,3,573,2,3
com.serotonin.mango.util.timeout.TimeoutTask,7,408,2,509,5,573,2,5
com.serotonin.mango.view.DynamicImage,7,0,1,1,6,575,1,6
com.serotonin.mango.view.ImageSet,13,0,1,1,12,575,1,6
com.serotonin.mango.view.ImplDefinition,48,0,0,0,48,575,0,9
com.serotonin.mango.view.PointView,5,0,3,511,2,2,3,1
com.serotonin.mango.view.ShareUser,16,408,4,509,12,573,3,6
com.serotonin.mango.view.View,22,408,11,509,14,573,6,9
com.serotonin.mango.view.ViewGraphic,11,0,0,0,11,577,0,5
com.serotonin.mango.view.ViewGraphicLoader,4,0,3,3,1,1,1,1
com.serotonin.mango.view.chart.BaseChartRenderer,10,408,6,509,5,573,3,2
com.serotonin.mango.view.chart.BaseChartRenderer.Factory,8,408,7,509,1,573,3,1
com.serotonin.mango.view.chart.ImageChartRenderer,10,408,4,509,6,573,4,5
com.serotonin.mango.view.chart.ImageFlipbookRenderer,10,0,8,510,2,2,7,2
com.serotonin.mango.view.chart.StatisticsChartRenderer,15,408,10,509,5,573,7,3
com.serotonin.mango.view.chart.TableChartRenderer,12,408,8,509,5,573,7,4
com.serotonin.mango.view.chart.TimePeriodChartRenderer,7,408,4,509,3,573,3,2
com.serotonin.mango.view.component.AnalogGraphicComponent,9,408,6,509,3,573,5,3
com.serotonin.mango.view.component.BinaryGraphicComponent,10,408,8,509,3,573,5,3
com.serotonin.mango.view.component.CompoundChild,4,408,2,509,2,573,1,2
com.serotonin.mango.view.component.CompoundComponent,14,408,9,509,5,573,5,3
com.serotonin.mango.view.component.DynamicGraphicComponent,13,408,10,509,3,573,7,3
com.serotonin.mango.view.component.HtmlComponent,7,408,3,509,5,573,3,3
com.serotonin.mango.view.component.ImageChartComponent,9,408,7,509,2,573,4,2
com.serotonin.mango.view.component.ImageSetComponent,12,408,7,509,5,573,6,3
com.serotonin.mango.view.component.MultistateGraphicComponent,11,408,9,509,3,573,6,3
com.serotonin.mango.view.component.PointComponent,20,408,7,509,14,573,6,4
com.serotonin.mango.view.component.ScriptComponent,13,408,9,509,4,573,9,3
com.serotonin.mango.view.component.SimpleCompoundComponent,6,408,5,509,2,573,2,2
com.serotonin.mango.view.component.SimpleImageComponent,7,408,5,509,2,573,5,2
com.serotonin.mango.view.component.SimplePointComponent,10,408,4,509,6,573,4,3
com.serotonin.mango.view.component.ThumbnailComponent,8,408,5,509,3,573,5,3
com.serotonin.mango.view.component.ViewComponent,25,408,20,509,12,573,6,4
com.serotonin.mango.view.component.ViewComponent.Factory,3,408,3,509,1,573,3,1
com.serotonin.mango.view.component.WirelessTempHumSensor,8,408,8,509,1,573,3,1
com.serotonin.mango.view.conversion.Conversions,8,408,5,509,3,573,2,2
com.serotonin.mango.view.conversion.Conversions.ConversionType,1,0,0,0,1,574,0,1
com.serotonin.mango.view.conversion.LinearConversion,2,0,1,1,1,574,1,1
com.serotonin.mango.view.custom.CustomView,15,408,8,509,7,573,4,3
com.serotonin.mango.view.custom.CustomViewChart,8,408,7,509,1,573,5,1
com.serotonin.mango.view.custom.CustomViewChartPoint,4,408,1,509,3,573,1,2
com.serotonin.mango.view.custom.CustomViewComponent,6,408,2,509,4,573,2,2
com.serotonin.mango.view.custom.CustomViewPoint,10,408,9,509,1,573,8,1
com.serotonin.mango.view.export.CsvWriter,3,0,0,0,3,16,0,1
com.serotonin.mango.view.graphic.AnalogImageSetRenderer,8,9,5,520,3,12,4,2
com.serotonin.mango.view.graphic.BaseGraphicRenderer,11,9,10,520,6,12,2,1
com.serotonin.mango.view.graphic.BasicImageRenderer,4,9,3,520,2,12,3,2
com.serotonin.mango.view.graphic.BasicRenderer,5,9,3,520,3,12,3,2
com.serotonin.mango.view.graphic.BinaryImageSetRenderer,8,9,5,520,3,12,4,2
com.serotonin.mango.view.graphic.DynamicImageRenderer,9,9,8,520,2,12,5,2
com.serotonin.mango.view.graphic.ImageSetRenderer,10,9,6,520,4,12,5,2
com.serotonin.mango.view.graphic.MultistateImageSetRenderer,7,9,5,520,2,12,4,2
com.serotonin.mango.view.graphic.ScriptRenderer,4,9,3,520,2,12,3,2
com.serotonin.mango.view.graphic.ThumbnailRenderer,4,9,3,520,2,12,3,2
com.serotonin.mango.view.stats.AbstractDataQuantizer,7,0,2,511,5,13,2,3
com.serotonin.mango.view.stats.AnalogStatistics,9,408,4,509,5,573,3,4
com.serotonin.mango.view.stats.BinaryDataQuantizer,6,0,4,512,2,10,2,2
com.serotonin.mango.view.stats.MultistateDataQuantizer,5,0,3,512,2,10,2,2
com.serotonin.mango.view.stats.NumericDataQuantizer,6,0,4,512,2,10,2,2
com.serotonin.mango.view.stats.StartsAndRuntime,4,408,1,509,3,573,1,2
com.serotonin.mango.view.stats.StartsAndRuntimeList,11,408,7,509,4,573,3,3
com.serotonin.mango.view.stats.ValueChangeCounter,9,408,5,509,4,573,3,3
com.serotonin.mango.view.text.AnalogRenderer,11,408,6,509,6,573,4,5
com.serotonin.mango.view.text.BaseTextRenderer,13,408,11,509,9,573,4,2
com.serotonin.mango.view.text.BaseTextRenderer.Factory,12,408,11,509,1,573,3,1
com.serotonin.mango.view.text.BinaryTextRenderer,10,408,6,509,5,573,4,4
com.serotonin.mango.view.text.MultistateRenderer,13,408,7,509,7,573,4,5
com.serotonin.mango.view.text.MultistateValue,3,0,0,0,3,574,0,3
com.serotonin.mango.view.text.NoneRenderer,7,408,4,509,4,573,4,3
com.serotonin.mango.view.text.PlainRenderer,11,408,6,509,6,573,4,5
com.serotonin.mango.view.text.RangeRenderer,11,408,7,509,5,573,4,3
com.serotonin.mango.view.text.RangeValue,2,0,0,0,2,574,0,2
com.serotonin.mango.view.text.TimeRenderer,8,408,6,509,3,573,4,2
com.serotonin.mango.vo.AnonymousUser,3,0,2,2,1,3,1,1
com.serotonin.mango.vo.CommPortProxy,1,0,0,0,1,574,0,1
com.serotonin.mango.vo.DataPointExtendedNameComparator,11,408,1,509,10,573,1,3
com.serotonin.mango.vo.DataPointNameComparator,4,0,1,510,3,3,1,2
com.serotonin.mango.vo.DataPointVO,141,408,23,509,121,573,12,46
com.serotonin.mango.vo.ListParent,2,0,0,0,2,2,0,1
com.serotonin.mango.vo.User,74,408,18,509,61,573,11,22
com.serotonin.mango.vo.UserComment,11,0,0,0,11,576,0,6
com.serotonin.mango.vo.WatchList,18,408,8,509,12,573,5,7
com.serotonin.mango.vo.bean.ImageValueBean,1,0,0,0,1,3,0,1
com.serotonin.mango.vo.bean.LongPair,2,0,0,0,2,574,0,2
com.serotonin.mango.vo.bean.PointHistoryCount,2,0,0,0,2,574,0,2
com.serotonin.mango.vo.dataSource.AbstractPointLocatorVO,30,408,5,509,25,573,3,23
com.serotonin.mango.vo.dataSource.DataSourceVO,70,408,14,509,60,573,8,44
com.serotonin.mango.vo.dataSource.DataSourceVO.Type,35,408,28,509,35,573,24,31
com.serotonin.mango.vo.dataSource.bacnet.BACnetIPDataSourceVO,11,408,10,509,3,573,8,3
com.serotonin.mango.vo.dataSource.bacnet.BACnetIPPointLocatorVO,9,408,7,509,3,573,6,3
com.serotonin.mango.vo.dataSource.ebro.EBI25DataSourceVO,14,408,11,509,5,573,8,5
com.serotonin.mango.vo.dataSource.ebro.EBI25PointLocatorVO,15,408,10,509,7,573,7,4
com.serotonin.mango.vo.dataSource.ebro.EBI25PointSaveHandler,8,408,8,509,1,573,7,1
com.serotonin.mango.vo.dataSource.galil.CommandPointTypeVO,6,408,5,509,2,573,3,2
com.serotonin.mango.vo.dataSource.galil.GalilDataSourceVO,12,408,11,509,3,573,8,3
com.serotonin.mango.vo.dataSource.galil.GalilPointLocatorVO,17,408,15,509,2,573,6,2
com.serotonin.mango.vo.dataSource.galil.InputPointTypeVO,9,408,8,509,2,573,5,2
com.serotonin.mango.vo.dataSource.galil.OutputPointTypeVO,7,408,6,509,2,573,4,2
com.serotonin.mango.vo.dataSource.galil.PointTypeVO,10,408,4,509,7,573,3,2
com.serotonin.mango.vo.dataSource.galil.TellPositionPointTypeVO,7,408,6,509,2,573,4,2
com.serotonin.mango.vo.dataSource.galil.VariablePointTypeVO,9,408,8,509,2,573,5,2
com.serotonin.mango.vo.dataSource.http.HttpImageDataSourceVO,11,408,10,509,3,573,8,3
com.serotonin.mango.vo.dataSource.http.HttpImagePointLocatorVO,11,408,7,509,5,573,6,4
com.serotonin.mango.vo.dataSource.http.HttpReceiverDataSourceVO,10,408,9,509,3,573,7,3
com.serotonin.mango.vo.dataSource.http.HttpReceiverPointLocatorVO,9,408,6,509,4,573,6,3
com.serotonin.mango.vo.dataSource.http.HttpRetrieverDataSourceVO,11,408,10,509,3,573,8,3
com.serotonin.mango.vo.dataSource.http.HttpRetrieverPointLocatorVO,8,408,6,509,3,573,6,3
com.serotonin.mango.vo.dataSource.internal.InternalDataSourceVO,11,408,10,509,3,573,8,3
com.serotonin.mango.vo.dataSource.internal.InternalPointLocatorVO,11,408,8,509,4,573,7,3
com.serotonin.mango.vo.dataSource.jmx.JmxDataSourceVO,14,408,13,509,3,573,9,3
com.serotonin.mango.vo.dataSource.jmx.JmxPointLocatorVO,9,408,6,509,4,573,6,3
com.serotonin.mango.vo.dataSource.mbus.MBusDataSourceVO,13,408,12,509,3,573,8,3
com.serotonin.mango.vo.dataSource.mbus.MBusPointLocatorVO,8,408,6,509,3,573,5,3
com.serotonin.mango.vo.dataSource.meta.MetaDataSourceVO,8,408,7,509,3,573,6,3
com.serotonin.mango.vo.dataSource.meta.MetaPointLocatorVO,16,408,11,509,6,573,8,3
com.serotonin.mango.vo.dataSource.modbus.ModbusDataSourceVO,13,408,9,509,5,573,7,4
com.serotonin.mango.vo.dataSource.modbus.ModbusIpDataSourceVO,9,408,7,509,4,573,6,4
com.serotonin.mango.vo.dataSource.modbus.ModbusIpDataSourceVO.TransportType,3,0,0,0,3,574,0,3
com.serotonin.mango.vo.dataSource.modbus.ModbusPointLocatorVO,11,408,7,509,5,573,6,4
com.serotonin.mango.vo.dataSource.modbus.ModbusSerialDataSourceVO,10,408,8,509,4,573,6,4
com.serotonin.mango.vo.dataSource.modbus.ModbusSerialDataSourceVO.EncodingType,3,0,0,0,3,574,0,3
com.serotonin.mango.vo.dataSource.nmea.NmeaDataSourceVO,9,408,8,509,3,573,7,3
com.serotonin.mango.vo.dataSource.nmea.NmeaPointLocatorVO,7,408,5,509,3,573,5,3
com.serotonin.mango.vo.dataSource.onewire.OneWireDataSourceVO,12,408,11,509,3,573,8,3
com.serotonin.mango.vo.dataSource.onewire.OneWirePointLocatorVO,13,408,8,509,6,573,7,3
com.serotonin.mango.vo.dataSource.openv4j.OpenV4JDataSourceVO,12,408,11,509,3,573,8,3
com.serotonin.mango.vo.dataSource.openv4j.OpenV4JPointLocatorVO,8,408,5,509,4,573,5,3
com.serotonin.mango.vo.dataSource.pachube.PachubeDataSourceVO,11,408,10,509,3,573,8,3
com.serotonin.mango.vo.dataSource.pachube.PachubePointLocatorVO,8,408,6,509,3,573,6,3
com.serotonin.mango.vo.dataSource.persistent.PersistentDataSourceVO,10,408,8,509,4,573,7,3
com.serotonin.mango.vo.dataSource.persistent.PersistentPointLocatorVO,8,408,5,509,4,573,5,3
com.serotonin.mango.vo.dataSource.pop3.Pop3DataSourceVO,11,408,10,509,3,573,8,3
com.serotonin.mango.vo.dataSource.pop3.Pop3PointLocatorVO,8,408,6,509,3,573,6,3
com.serotonin.mango.vo.dataSource.snmp.SnmpDataSourceVO,11,408,10,509,3,573,8,3
com.serotonin.mango.vo.dataSource.snmp.SnmpPointLocatorVO,10,408,7,509,4,573,7,3
com.serotonin.mango.vo.dataSource.spinwave.BaseSpinwavePointLocatorVO,9,408,5,509,5,573,5,2
com.serotonin.mango.vo.dataSource.spinwave.SpinwaveDataSourceVO,12,408,11,509,3,573,7,3
com.serotonin.mango.vo.dataSource.spinwave.SpinwaveV1PointLocatorVO,9,408,7,509,2,573,4,2
com.serotonin.mango.vo.dataSource.spinwave.SpinwaveV2PointLocatorVO,8,408,6,509,2,573,4,2
com.serotonin.mango.vo.dataSource.sql.SqlDataSourceVO,11,408,10,509,3,573,8,3
com.serotonin.mango.vo.dataSource.sql.SqlPointLocatorVO,9,408,6,509,4,573,6,3
com.serotonin.mango.vo.dataSource.viconics.ViconicsDataSourceVO,12,408,11,509,3,573,8,3
com.serotonin.mango.vo.dataSource.viconics.ViconicsPointLocatorVO,7,408,3,509,5,573,3,3
com.serotonin.mango.vo.dataSource.virtual.AlternateBooleanChangeVO,5,408,4,509,2,573,2,1
com.serotonin.mango.vo.dataSource.virtual.AnalogAttractorChangeVO,10,408,8,509,4,573,6,3
com.serotonin.mango.vo.dataSource.virtual.BrownianChangeVO,7,408,5,509,4,573,3,3
com.serotonin.mango.vo.dataSource.virtual.ChangeTypeVO,19,408,16,509,12,573,5,3
com.serotonin.mango.vo.dataSource.virtual.IncrementAnalogChangeVO,7,408,5,509,4,573,3,3
com.serotonin.mango.vo.dataSource.virtual.IncrementMultistateChangeVO,8,408,5,509,5,573,3,3
com.serotonin.mango.vo.dataSource.virtual.NoChangeVO,5,408,4,509,2,573,2,1
com.serotonin.mango.vo.dataSource.virtual.RandomAnalogChangeVO,7,408,5,509,4,573,3,3
com.serotonin.mango.vo.dataSource.virtual.RandomBooleanChangeVO,5,408,4,509,2,573,2,1
com.serotonin.mango.vo.dataSource.virtual.RandomMultistateChangeVO,7,408,5,509,4,573,3,3
com.serotonin.mango.vo.dataSource.virtual.VirtualDataSourceVO,12,408,10,509,4,573,8,4
com.serotonin.mango.vo.dataSource.virtual.VirtualPointLocatorVO,29,408,25,509,4,573,8,3
com.serotonin.mango.vo.dataSource.vmstat.VMStatDataSourceVO,13,408,12,509,3,573,8,3
com.serotonin.mango.vo.dataSource.vmstat.VMStatPointLocatorVO,11,408,8,509,4,573,7,3
com.serotonin.mango.vo.event.CompoundEventDetectorVO,25,408,18,509,9,573,9,6
com.serotonin.mango.vo.event.EventHandlerVO,28,408,20,509,13,573,9,7
com.serotonin.mango.vo.event.EventTypeVO,54,408,11,509,45,573,2,36
com.serotonin.mango.vo.event.MaintenanceEventVO,19,408,12,509,9,573,8,6
com.serotonin.mango.vo.event.PointEventDetectorVO,49,408,27,509,35,573,9,15
com.serotonin.mango.vo.event.ScheduledEventVO,19,408,11,509,10,573,6,6
com.serotonin.mango.vo.event.SimpleEventDetectorVO,3,0,0,0,3,574,0,1
com.serotonin.mango.vo.hierarchy.PointFolder,13,408,4,509,10,573,4,7
com.serotonin.mango.vo.hierarchy.PointHierarchy,9,408,1,509,8,573,1,5
com.serotonin.mango.vo.hierarchy.PointHierarchyEventDispatcher,4,408,2,509,2,573,1,2
com.serotonin.mango.vo.link.PointLinkVO,13,408,7,509,7,573,5,5
com.serotonin.mango.vo.mailingList.AddressEntry,5,408,2,509,3,573,2,3
com.serotonin.mango.vo.mailingList.EmailRecipient,10,408,2,509,9,573,2,5
com.serotonin.mango.vo.mailingList.EmailRecipientFactory,6,408,6,509,1,573,2,1
com.serotonin.mango.vo.mailingList.MailingList,10,408,2,509,8,573,2,5
com.serotonin.mango.vo.mailingList.UserEntry,8,408,4,509,4,573,4,3
com.serotonin.mango.vo.permission.DataPointAccess,10,408,4,509,6,573,3,6
com.serotonin.mango.vo.permission.PermissionException,6,408,1,509,5,573,1,4
com.serotonin.mango.vo.permission.Permissions,55,408,15,509,41,573,8,13
com.serotonin.mango.vo.publish.PublishedPointVO,22,408,3,509,19,573,3,11
com.serotonin.mango.vo.publish.PublisherVO,31,408,12,509,23,573,8,16
com.serotonin.mango.vo.publish.PublisherVO.Type,8,408,4,509,8,573,4,8
com.serotonin.mango.vo.publish.httpSender.HttpPointVO,5,408,1,509,4,573,1,3
com.serotonin.mango.vo.publish.httpSender.HttpSenderVO,13,408,11,509,4,573,8,3
com.serotonin.mango.vo.publish.pachube.PachubePointVO,6,408,1,509,5,573,1,3
com.serotonin.mango.vo.publish.pachube.PachubeSenderVO,13,408,11,509,4,573,9,3
com.serotonin.mango.vo.publish.persistent.PersistentPointVO,6,408,1,509,5,573,1,3
com.serotonin.mango.vo.publish.persistent.PersistentSenderVO,13,408,11,509,4,573,8,3
com.serotonin.mango.vo.report.DiscreteTimeSeries,10,0,4,511,6,13,4,2
com.serotonin.mango.vo.report.DiscreteTimeSeries.ValueDescription,1,0,0,0,1,14,0,1
com.serotonin.mango.vo.report.EventCsvStreamer,5,0,3,511,2,12,2,2
com.serotonin.mango.vo.report.ImageChartUtils,11,1,5,514,7,12,4,3
com.serotonin.mango.vo.report.PointTimeSeriesCollection,8,1,3,514,6,12,2,2
com.serotonin.mango.vo.report.ReportChartCreator,19,2,17,536,4,7,7,3
com.serotonin.mango.vo.report.ReportChartCreator.PointStatistics,12,2,9,536,4,7,3,3
com.serotonin.mango.vo.report.ReportChartCreator.StartsAndRuntimeWrapper,3,0,2,510,1,8,2,1
com.serotonin.mango.vo.report.ReportChartCreator.StreamHandler,22,2,22,536,1,7,6,1
com.serotonin.mango.vo.report.ReportCsvStreamer,8,0,5,514,3,13,3,2
com.serotonin.mango.vo.report.ReportDataValue,7,0,2,510,5,19,2,3
com.serotonin.mango.vo.report.ReportInstance,11,408,3,509,8,573,3,7
com.serotonin.mango.vo.report.ReportJob,5,0,3,538,2,2,3,2
com.serotonin.mango.vo.report.ReportPointInfo,7,0,2,510,5,19,2,3
com.serotonin.mango.vo.report.ReportPointVO,3,0,0,0,3,574,0,3
com.serotonin.mango.vo.report.ReportUserComment,4,0,0,0,4,18,0,2
com.serotonin.mango.vo.report.ReportVO,14,408,5,509,9,573,4,6
com.serotonin.mango.vo.report.UserCommentCsvStreamer,5,0,3,3,2,12,3,2
com.serotonin.mango.web.ContextWrapper,93,408,11,509,86,573,7,37
com.serotonin.mango.web.comparators.BaseComparator,4,0,0,0,4,4,0,2
com.serotonin.mango.web.comparators.DataPointComparator,2,0,2,511,0,0,2,0
com.serotonin.mango.web.comparators.EventInstanceComparator,2,0,2,511,0,0,2,0
com.serotonin.mango.web.dwr.BaseDwr,49,408,23,509,26,573,14,6
com.serotonin.mango.web.dwr.CompoundEventsDwr,16,0,16,511,0,0,9,0
com.serotonin.mango.web.dwr.CustomViewDwr,8,0,7,510,1,2,6,1
com.serotonin.mango.web.dwr.DataPointDetailsDwr,20,0,19,514,1,2,12,1
com.serotonin.mango.web.dwr.DataPointEditDwr,25,0,25,511,0,0,11,0
com.serotonin.mango.web.dwr.DataSourceEditDwr,120,0,120,538,0,0,47,0
com.serotonin.mango.web.dwr.DataSourceListDwr,14,0,13,510,1,1,8,1
com.serotonin.mango.web.dwr.EmportDwr,21,408,21,509,1,573,8,1
com.serotonin.mango.web.dwr.EventHandlersDwr,34,0,34,512,0,0,13,0
com.serotonin.mango.web.dwr.EventsDwr,7,408,7,509,1,573,6,1
com.serotonin.mango.web.dwr.MailingListsDwr,9,0,9,510,0,0,7,0
com.serotonin.mango.web.dwr.MaintenanceEventsDwr,10,0,10,510,0,0,9,0
com.serotonin.mango.web.dwr.MiscDwr,29,1,29,523,1,1,12,1
com.serotonin.mango.web.dwr.PointHierarchyDwr,3,0,3,510,0,0,2,0
com.serotonin.mango.web.dwr.PointLinksDwr,18,0,18,510,0,0,12,0
com.serotonin.mango.web.dwr.PublisherEditDwr,19,0,19,511,0,0,12,0
com.serotonin.mango.web.dwr.PublisherListDwr,10,0,10,511,0,0,7,0
com.serotonin.mango.web.dwr.ReportsDwr,17,0,17,539,0,0,8,0
com.serotonin.mango.web.dwr.ScheduledEventsDwr,7,0,7,510,0,0,7,0
com.serotonin.mango.web.dwr.SystemSettingsDwr,18,0,18,525,0,0,14,0
com.serotonin.mango.web.dwr.UsersDwr,15,0,15,511,0,0,8,0
com.serotonin.mango.web.dwr.ViewDwr,40,0,39,512,1,2,13,1
com.serotonin.mango.web.dwr.WatchListDwr,24,0,23,510,1,2,14,1
com.serotonin.mango.web.dwr.beans.AutoShutOff,6,0,0,0,6,9,0,1
com.serotonin.mango.web.dwr.beans.BACnetDiscovery,5,0,4,512,1,1,2,1
com.serotonin.mango.web.dwr.beans.BACnetObjectBean,2,0,0,0,2,2,0,2
com.serotonin.mango.web.dwr.beans.BasePointState,8,0,0,0,8,577,0,3
com.serotonin.mango.web.dwr.beans.CustomComponentState,6,0,0,0,6,575,0,3
com.serotonin.mango.web.dwr.beans.DataExportDefinition,4,0,0,0,4,574,0,3
com.serotonin.mango.web.dwr.beans.DataPointBean,5,408,2,509,3,573,2,1
com.serotonin.mango.web.dwr.beans.EBI25InterfaceReader,16,0,15,511,1,1,13,1
com.serotonin.mango.web.dwr.beans.EBI25InterfaceUpdater,4,408,2,509,2,573,2,2
com.serotonin.mango.web.dwr.beans.EBI25LoggerInfo,1,0,0,0,1,2,0,1
com.serotonin.mango.web.dwr.beans.EventInstanceBean,2,0,0,0,2,2,0,2
com.serotonin.mango.web.dwr.beans.EventSourceBean,3,0,1,510,2,2,1,1
com.serotonin.mango.web.dwr.beans.GalilCommandTester,4,0,3,510,1,1,1,1
com.serotonin.mango.web.dwr.beans.HttpReceiverDataListener,8,0,7,511,1,1,4,1
com.serotonin.mango.web.dwr.beans.HttpSenderTester,5,0,4,510,1,1,3,1
com.serotonin.mango.web.dwr.beans.ImportTask,37,408,37,509,2,573,17,2
com.serotonin.mango.web.dwr.beans.IntegerPair,1,0,0,0,1,1,0,1
com.serotonin.mango.web.dwr.beans.MBusDataBlockBean,1,0,0,0,1,4,0,1
com.serotonin.mango.web.dwr.beans.MBusDeviceBean,1,0,0,0,1,3,0,1
com.serotonin.mango.web.dwr.beans.MBusDiscovery,7,1,6,7,2,2,1,2
com.serotonin.mango.web.dwr.beans.MBusDiscovery.SearchThread,1,1,1,7,1,2,1,1
com.serotonin.mango.web.dwr.beans.MBusResponseFrameBean,2,0,1,1,1,3,1,1
com.serotonin.mango.web.dwr.beans.ModbusNodeScanListener,2,0,1,1,1,1,1,1
com.serotonin.mango.web.dwr.beans.NmeaUtilListener,6,0,5,6,1,1,2,1
com.serotonin.mango.web.dwr.beans.OpenV4JDataPointBean,2,0,0,0,2,3,0,2
com.serotonin.mango.web.dwr.beans.OpenV4JDiscovery,6,1,5,5,2,2,1,2
com.serotonin.mango.web.dwr.beans.OpenV4JDiscovery.SearchThread,1,1,1,5,1,2,1,1
com.serotonin.mango.web.dwr.beans.OpenV4JProtocolBean,2,0,1,1,1,1,0,1
com.serotonin.mango.web.dwr.beans.RecipientListEntryBean,16,408,9,509,8,573,4,5
com.serotonin.mango.web.dwr.beans.RenderedPointValueTime,1,0,0,0,1,3,0,1
com.serotonin.mango.web.dwr.beans.SnmpOidGet,3,0,2,6,1,1,2,1
com.serotonin.mango.web.dwr.beans.SpinwaveSensorListener,3,0,2,2,1,1,1,1
com.serotonin.mango.web.dwr.beans.SqlStatementTester,2,0,1,1,1,1,1,1
com.serotonin.mango.web.dwr.beans.ViewComponentState,4,0,1,1,3,4,1,2
com.serotonin.mango.web.dwr.beans.WatchListState,6,0,1,1,5,575,1,2
com.serotonin.mango.web.dwr.longPoll.LongPollData,3,1,3,523,1,1,2,1
com.serotonin.mango.web.dwr.longPoll.LongPollRequest,2,0,0,0,2,2,0,2
com.serotonin.mango.web.dwr.longPoll.LongPollState,6,0,4,4,2,2,1,2
com.serotonin.mango.web.dwr.util.AdminAjaxFilter,1,0,1,510,0,0,1,0
com.serotonin.mango.web.dwr.util.LoggedInAjaxFilter,2,0,1,510,1,1,1,1
com.serotonin.mango.web.dwr.util.LoggedInAjaxMethodFilter,3,0,3,511,0,0,2,0
com.serotonin.mango.web.email.MangoEmailContent,11,408,5,509,6,573,4,3
com.serotonin.mango.web.email.MessageFormatDirective,2,0,0,0,2,574,0,2
com.serotonin.mango.web.email.SubjectDirective,1,0,0,0,1,574,0,1
com.serotonin.mango.web.email.UsedImagesDirective,2,0,0,0,2,574,0,2
com.serotonin.mango.web.filter.ExceptionDetectionFilter,2,0,2,510,0,0,2,0
com.serotonin.mango.web.filter.HttpResponseHeaderFilter,0,0,0,0,0,0,0,0
com.serotonin.mango.web.filter.LoggedInFilter,4,0,3,511,1,1,3,1
com.serotonin.mango.web.filter.NormalLoggedInFilter,2,0,2,512,0,0,2,0
com.serotonin.mango.web.filter.WebContextFilter,0,0,0,0,0,0,0,0
com.serotonin.mango.web.integration.CrowdUtils,5,0,2,510,3,4,2,2
com.serotonin.mango.web.mvc.SimpleFormRedirectController,1,0,0,0,1,1,0,1
com.serotonin.mango.web.mvc.controller.ControllerUtils,12,0,5,510,7,8,3,2
com.serotonin.mango.web.mvc.controller.DataPointDetailsController,18,0,18,512,0,0,8,0
com.serotonin.mango.web.mvc.controller.DataPointEditController,16,0,16,512,0,0,11,0
com.serotonin.mango.web.mvc.controller.DataSourceEditController,13,0,13,510,0,0,8,0
com.serotonin.mango.web.mvc.controller.DataSourceListController,13,0,13,515,0,0,9,0
com.serotonin.mango.web.mvc.controller.DataSourceListController.DataSourceComparator,6,0,5,512,1,1,3,1
com.serotonin.mango.web.mvc.controller.LoginController,5,0,5,512,0,0,5,0
com.serotonin.mango.web.mvc.controller.LogoutController,3,0,3,511,0,0,3,0
com.serotonin.mango.web.mvc.controller.MobileWatchListController,15,0,15,513,0,0,11,0
com.serotonin.mango.web.mvc.controller.MobileWatchListState,1,0,0,0,1,1,0,1
com.serotonin.mango.web.mvc.controller.PublicViewController,4,0,4,510,0,0,3,0
com.serotonin.mango.web.mvc.controller.PublisherEditController,12,0,12,512,0,0,10,0
com.serotonin.mango.web.mvc.controller.ReportChartController,9,0,9,539,0,0,6,0
com.serotonin.mango.web.mvc.controller.ReportChartController.ReportChartView,1,0,0,0,1,1,0,1
com.serotonin.mango.web.mvc.controller.SqlController,5,0,5,511,0,0,5,0
com.serotonin.mango.web.mvc.controller.ViewEditController,9,0,9,512,0,0,8,0
com.serotonin.mango.web.mvc.controller.ViewsController,6,0,6,510,0,0,5,0
com.serotonin.mango.web.mvc.controller.WatchListController,9,0,8,511,1,1,6,1
com.serotonin.mango.web.mvc.controller.WebcamLiveFeedController,3,0,3,510,0,0,3,0
com.serotonin.mango.web.mvc.form.LoginForm,1,0,0,0,1,1,0,1
com.serotonin.mango.web.mvc.form.SqlForm,1,0,0,0,1,1,0,1
com.serotonin.mango.web.mvc.form.ViewEditForm,2,0,1,510,1,1,1,1
com.serotonin.mango.web.mvc.interceptor.CommonDataInterceptor,3,0,3,511,0,0,3,0
com.serotonin.mango.web.servlet.AsyncImageChartServlet,9,1,9,522,1,1,5,1
com.serotonin.mango.web.servlet.AsyncImageChartServlet.PointDataRetriever,16,1,16,522,1,1,9,1
com.serotonin.mango.web.servlet.BaseInfoServlet,4,0,0,0,4,8,0,1
com.serotonin.mango.web.servlet.ChartExportServlet,12,0,12,515,0,0,7,0
com.serotonin.mango.web.servlet.HttpDataSourceServlet,7,408,6,509,1,573,4,1
com.serotonin.mango.web.servlet.ImageChartServlet,13,0,13,517,0,0,8,0
com.serotonin.mango.web.servlet.ImageChartServlet.CacheElement,1,0,0,0,1,1,0,1
com.serotonin.mango.web.servlet.ImageValueServlet,5,0,4,511,1,3,3,1
com.serotonin.mango.web.servlet.ReportChartServlet,3,0,3,511,0,0,3,0
com.serotonin.mango.web.servlet.ReportEventExportServlet,1,0,1,524,0,0,1,0
com.serotonin.mango.web.servlet.ReportExportBase,10,0,7,523,3,3,4,1
com.serotonin.mango.web.servlet.ReportExportServlet,1,0,1,524,0,0,1,0
com.serotonin.mango.web.servlet.ReportUserCommentExportServlet,1,0,1,524,0,0,1,0
com.serotonin.mango.web.taglib.ChartPointTag,1,0,1,512,0,0,1,0
com.serotonin.mango.web.taglib.ChartTag,7,0,6,511,1,1,5,1
com.serotonin.mango.web.taglib.CustomViewInitTag,4,0,4,510,0,0,4,0
com.serotonin.mango.web.taglib.Functions,13,408,8,509,5,573,6,3
com.serotonin.mango.web.taglib.SimplePointTag,3,0,3,511,0,0,3,0
com.serotonin.mango.web.taglib.StaticPointTag,11,0,11,511,0,0,10,0
com.serotonin.mango.web.taglib.ViewTagSupport,8,0,5,510,3,4,5,1
test.acceptance.ExampleSeleniumTests,0,0,0,0,0,0,0,0
test.unit.DateUtilsTests,3,0,3,510,0,0,2,0

Interface,CBO,Cyclic,Dcy,Dcy*,Dpt,Dpt*,PDcy,PDpt
com.serotonin.mango.Common.ContextKeys,2,0,0,0,2,574,0,2
com.serotonin.mango.Common.GroveServlets,2,0,0,0,2,4,0,2
com.serotonin.mango.Common.TimePeriods,37,0,0,0,37,574,0,35
com.serotonin.mango.rt.dataImage.DataPointListener,9,408,1,509,8,573,1,6
com.serotonin.mango.rt.dataImage.IDataPoint,16,408,2,509,14,573,1,4
com.serotonin.mango.rt.dataImage.SetPointSource,37,0,0,0,37,575,0,28
com.serotonin.mango.rt.dataImage.SetPointSource.Types,7,0,0,0,7,575,0,5
com.serotonin.mango.rt.dataSource.http.HttpMulticastListener,4,0,1,2,3,575,1,2
com.serotonin.mango.rt.dataSource.nmea.NmeaMessageListener,4,0,1,2,3,576,1,2
com.serotonin.mango.rt.event.EventDetector,3,0,0,0,3,576,0,3
com.serotonin.mango.rt.event.EventDetectorListener,2,1,1,2,2,575,1,2
com.serotonin.mango.rt.event.EventInstance.AlternateAcknowledgementSources,3,0,0,0,3,574,0,3
com.serotonin.mango.rt.event.EventInstance.RtnCauses,3,0,0,0,3,574,0,3
com.serotonin.mango.rt.event.type.EventType.DuplicateHandling,18,0,0,0,18,574,0,11
com.serotonin.mango.rt.event.type.EventType.EventSources,32,0,0,0,32,574,0,11
com.serotonin.mango.rt.maint.work.WorkItem,11,0,0,0,11,574,0,6
com.serotonin.mango.util.ChangeComparable,10,0,0,0,10,574,0,6
com.serotonin.mango.util.ChangeComparableObject,5,0,0,0,5,574,0,4
com.serotonin.mango.util.timeout.ModelTimeoutClient,4,0,0,0,4,574,0,4
com.serotonin.mango.util.timeout.TimeoutClient,6,0,0,0,6,574,0,6
com.serotonin.mango.view.chart.ChartRenderer,8,408,2,509,7,573,2,5
com.serotonin.mango.view.conversion.Conversion,2,0,0,0,2,575,0,1
com.serotonin.mango.view.graphic.GraphicRenderer,5,0,1,1,4,14,1,3
com.serotonin.mango.view.stats.DataQuantizerCallback,7,0,1,510,6,14,1,3
com.serotonin.mango.view.stats.IValueTime,8,408,1,509,7,573,1,3
com.serotonin.mango.view.stats.StatisticsGenerator,6,408,1,509,5,573,1,2
com.serotonin.mango.view.text.TextRenderer,37,408,3,509,34,573,3,12
com.serotonin.mango.vo.DataPointVO.IntervalLoggingTypes,2,0,0,0,2,574,0,2
com.serotonin.mango.vo.DataPointVO.LoggingTypes,8,0,0,0,8,574,0,8
com.serotonin.mango.vo.DataPointVO.PurgeTypes,3,0,2,510,1,1,1,1
com.serotonin.mango.vo.dataSource.DataPointSaveHandler,6,408,1,509,5,573,1,3
com.serotonin.mango.vo.dataSource.PointLocatorVO,42,408,3,509,39,573,3,27
com.serotonin.mango.vo.dataSource.galil.PointTypeVO.Types,7,0,0,0,7,574,0,1
com.serotonin.mango.vo.dataSource.internal.InternalPointLocatorVO.Attributes,1,0,0,0,1,574,0,1
com.serotonin.mango.vo.dataSource.onewire.OneWirePointLocatorVO.AttributeTypes,3,0,0,0,3,574,0,2
com.serotonin.mango.vo.dataSource.snmp.SnmpDataSourceVO.AuthProtocols,0,0,0,0,0,0,0,0
com.serotonin.mango.vo.dataSource.snmp.SnmpDataSourceVO.PrivProtocols,0,0,0,0,0,0,0,0
com.serotonin.mango.vo.dataSource.snmp.SnmpPointLocatorVO.SetTypes,2,0,0,0,2,574,0,2
com.serotonin.mango.vo.dataSource.spinwave.SpinwaveV1PointLocatorVO.AttributeTypes,1,0,0,0,1,574,0,1
com.serotonin.mango.vo.dataSource.virtual.ChangeTypeVO.Types,11,0,0,0,11,574,0,1
com.serotonin.mango.vo.dataSource.vmstat.VMStatDataSourceVO.OutputScale,2,0,0,0,2,574,0,2
com.serotonin.mango.vo.dataSource.vmstat.VMStatPointLocatorVO.Attributes,2,0,0,0,2,574,0,2
com.serotonin.mango.vo.hierarchy.PointHierarchyListener,3,408,1,509,2,573,1,2
com.serotonin.mango.vo.permission.Permissions.DataPointAccessTypes,3,0,0,0,3,574,0,3
com.serotonin.mango.vo.report.ReportDataStreamHandler,5,0,2,512,3,18,1,2
com.serotonin.mango.web.dwr.beans.DataPointDefaulter,2,0,1,510,1,1,1,1
com.serotonin.mango.web.dwr.beans.TestingUtility,11,0,0,0,11,583,0,2

Package,Cyclic,PDcy,PDpt,PDpt*
,0,0,0,1
br.org.scadabr.rt.dataSource.dnp3,96,7,1,105
br.org.scadabr.rt.dataSource.opc,96,6,1,105
br.org.scadabr.vo.dataSource.dnp3,96,7,3,105
br.org.scadabr.vo.dataSource.opc,96,7,3,105
com.serotonin.mango,96,17,86,105
com.serotonin.mango.db,96,6,6,105
com.serotonin.mango.db.dao,96,25,38,105
com.serotonin.mango.db.upgrade,96,15,1,105
com.serotonin.mango.rt,96,26,31,105
com.serotonin.mango.rt.dataImage,96,14,46,105
com.serotonin.mango.rt.dataImage.types,96,1,40,105
com.serotonin.mango.rt.dataSource,96,10,52,105
com.serotonin.mango.rt.dataSource.bacnet,96,11,1,105
com.serotonin.mango.rt.dataSource.ebro,96,5,3,105
com.serotonin.mango.rt.dataSource.galil,96,6,2,105
com.serotonin.mango.rt.dataSource.http,96,9,6,105
com.serotonin.mango.rt.dataSource.internal,96,4,1,105
com.serotonin.mango.rt.dataSource.jmx,96,5,1,105
com.serotonin.mango.rt.dataSource.mbus,96,4,2,105
com.serotonin.mango.rt.dataSource.meta,96,12,5,105
com.serotonin.mango.rt.dataSource.modbus,96,10,2,105
com.serotonin.mango.rt.dataSource.nmea,96,6,2,105
com.serotonin.mango.rt.dataSource.onewire,96,6,2,105
com.serotonin.mango.rt.dataSource.openv4j,96,6,1,105
com.serotonin.mango.rt.dataSource.pachube,96,6,3,105
com.serotonin.mango.rt.dataSource.persistent,96,13,1,105
com.serotonin.mango.rt.dataSource.pop3,96,6,1,105
com.serotonin.mango.rt.dataSource.snmp,96,5,3,105
com.serotonin.mango.rt.dataSource.spinwave,96,4,1,105
com.serotonin.mango.rt.dataSource.sql,96,6,1,105
com.serotonin.mango.rt.dataSource.viconics,96,16,2,105
com.serotonin.mango.rt.dataSource.virtual,96,7,1,105
com.serotonin.mango.rt.dataSource.vmstat,96,3,1,105
com.serotonin.mango.rt.event,96,5,26,105
com.serotonin.mango.rt.event.compound,96,7,2,105
com.serotonin.mango.rt.event.detectors,96,11,3,105
com.serotonin.mango.rt.event.handlers,96,16,3,105
com.serotonin.mango.rt.event.maintenance,96,7,3,105
com.serotonin.mango.rt.event.schedule,96,7,2,105
com.serotonin.mango.rt.event.type,96,10,51,105
com.serotonin.mango.rt.link,96,12,2,105
com.serotonin.mango.rt.maint,96,11,11,105
com.serotonin.mango.rt.maint.work,96,11,9,105
com.serotonin.mango.rt.publish,96,8,8,105
com.serotonin.mango.rt.publish.httpSender,96,9,3,105
com.serotonin.mango.rt.publish.pachube,96,10,1,105
com.serotonin.mango.rt.publish.persistent,96,14,2,105
com.serotonin.mango.util,96,4,54,105
com.serotonin.mango.util.mindprod,0,0,1,106
com.serotonin.mango.util.test,0,0,0,1
com.serotonin.mango.util.timeout,96,1,8,105
com.serotonin.mango.view,96,7,16,105
com.serotonin.mango.view.chart,96,9,6,105
com.serotonin.mango.view.component,96,13,3,105
com.serotonin.mango.view.conversion,96,1,2,105
com.serotonin.mango.view.custom,96,9,3,105
com.serotonin.mango.view.export,0,0,1,106
com.serotonin.mango.view.graphic,96,4,2,105
com.serotonin.mango.view.stats,96,2,5,105
com.serotonin.mango.view.text,96,5,14,105
com.serotonin.mango.vo,96,14,53,105
com.serotonin.mango.vo.bean,0,0,3,106
com.serotonin.mango.vo.dataSource,96,31,53,105
com.serotonin.mango.vo.dataSource.bacnet,96,7,3,105
com.serotonin.mango.vo.dataSource.ebro,96,10,4,105
com.serotonin.mango.vo.dataSource.galil,96,7,3,105
com.serotonin.mango.vo.dataSource.http,96,7,4,105
com.serotonin.mango.vo.dataSource.internal,96,7,3,105
com.serotonin.mango.vo.dataSource.jmx,96,8,3,105
com.serotonin.mango.vo.dataSource.mbus,96,7,3,105
com.serotonin.mango.vo.dataSource.meta,96,9,3,105
com.serotonin.mango.vo.dataSource.modbus,96,7,4,105
com.serotonin.mango.vo.dataSource.nmea,96,7,3,105
com.serotonin.mango.vo.dataSource.onewire,96,7,3,105
com.serotonin.mango.vo.dataSource.openv4j,96,7,3,105
com.serotonin.mango.vo.dataSource.pachube,96,7,3,105
com.serotonin.mango.vo.dataSource.persistent,96,7,3,105
com.serotonin.mango.vo.dataSource.pop3,96,7,3,105
com.serotonin.mango.vo.dataSource.snmp,96,7,3,105
com.serotonin.mango.vo.dataSource.spinwave,96,9,3,105
com.serotonin.mango.vo.dataSource.sql,96,7,3,105
com.serotonin.mango.vo.dataSource.viconics,96,7,3,105
com.serotonin.mango.vo.dataSource.virtual,96,10,4,105
com.serotonin.mango.vo.dataSource.vmstat,96,8,3,105
com.serotonin.mango.vo.event,96,17,48,105
com.serotonin.mango.vo.hierarchy,96,4,6,105
com.serotonin.mango.vo.link,96,5,5,105
com.serotonin.mango.vo.mailingList,96,4,4,105
com.serotonin.mango.vo.permission,96,9,17,105
com.serotonin.mango.vo.publish,96,11,15,105
com.serotonin.mango.vo.publish.httpSender,96,7,3,105
com.serotonin.mango.vo.publish.pachube,96,8,3,105
com.serotonin.mango.vo.publish.persistent,96,7,3,105
com.serotonin.mango.vo.report,96,15,7,105
com.serotonin.mango.web,96,7,37,105
com.serotonin.mango.web.comparators,0,2,1,3
com.serotonin.mango.web.dwr,96,70,8,105
com.serotonin.mango.web.dwr.beans,96,25,11,105
com.serotonin.mango.web.dwr.longPoll,96,2,1,105
com.serotonin.mango.web.dwr.util,0,1,0,1
com.serotonin.mango.web.email,96,3,4,105
com.serotonin.mango.web.filter,0,5,0,1
com.serotonin.mango.web.integration,0,2,2,4
com.serotonin.mango.web.mvc,0,0,1,3
com.serotonin.mango.web.mvc.controller,0,26,1,2
com.serotonin.mango.web.mvc.form,0,1,1,3
com.serotonin.mango.web.mvc.interceptor,0,3,0,1
com.serotonin.mango.web.servlet,96,13,2,105
com.serotonin.mango.web.taglib,96,13,3,105
test.unit,0,2,0,1
test.unit.acceptance,0,0,0,1

