Chidamber-Kemerer metrics,Fri, 28 Feb 2025 12:21:51 GMT-06:00
Class,CBO,DIT,LCOM,NOC,RFC,WMC
DojoFileStorageProvider,0,1,3,0,20,6
br.org.scadabr.rt.dataSource.dnp3.Dnp3DataSource,15,3,1,2,54,12
br.org.scadabr.rt.dataSource.dnp3.Dnp3IpDataSource,2,4,1,0,10,2
br.org.scadabr.rt.dataSource.dnp3.Dnp3PointLocatorRT,2,2,1,0,4,3
br.org.scadabr.rt.dataSource.dnp3.Dnp3SerialDataSource,2,4,1,0,10,2
br.org.scadabr.rt.dataSource.opc.OPCDataSourceRT,10,3,1,0,52,9
br.org.scadabr.rt.dataSource.opc.OPCPointLocatorRT,2,2,1,0,4,3
br.org.scadabr.vo.dataSource.dnp3.Dnp3DataSourceVO,13,2,4,2,49,40
br.org.scadabr.vo.dataSource.dnp3.Dnp3IpDataSourceVO,5,3,6,0,24,16
br.org.scadabr.vo.dataSource.dnp3.Dnp3PointLocatorVO,7,2,15,0,36,32
br.org.scadabr.vo.dataSource.dnp3.Dnp3SerialDataSourceVO,5,3,6,0,24,16
br.org.scadabr.vo.dataSource.opc.OPCDataSourceVO,12,2,7,0,47,34
br.org.scadabr.vo.dataSource.opc.OPCPointLocatorVO,9,2,4,0,33,18
com.serotonin.mango.Common,194,1,13,0,122,87
com.serotonin.mango.Common.ContextKeys,n/a,n/a,n/a,n/a,0,n/a
com.serotonin.mango.Common.GroveServlets,n/a,n/a,n/a,n/a,0,n/a
com.serotonin.mango.Common.TimePeriods,n/a,n/a,n/a,n/a,0,n/a
com.serotonin.mango.DataTypes,105,1,3,0,7,10
com.serotonin.mango.ImageSaveException,2,4,0,0,2,1
com.serotonin.mango.MangoContextListener,32,1,1,0,82,28
com.serotonin.mango.db.BasePooledAccess,4,2,2,2,46,12
com.serotonin.mango.db.DBConvert,1,1,1,0,30,13
com.serotonin.mango.db.DatabaseAccess,27,1,8,2,57,13
com.serotonin.mango.db.DatabaseAccess.DatabaseType,14,n/a,3,n/a,3,3
com.serotonin.mango.db.DatabaseAccessUtils,1,1,1,0,1,1
com.serotonin.mango.db.DerbyAccess,5,2,5,0,52,30
com.serotonin.mango.db.DerbyAccess.IdentityStart,1,1,0,0,0,0
com.serotonin.mango.db.MSSQLAccess,2,3,5,0,13,11
com.serotonin.mango.db.MySQLAccess,3,3,7,0,23,14
com.serotonin.mango.db.dao.BaseDao,33,2,3,16,16,10
com.serotonin.mango.db.dao.CompoundEventDetectorDao,15,3,3,0,31,12
com.serotonin.mango.db.dao.CompoundEventDetectorDao.CompoundEventDetectorRowMapper,3,1,1,0,11,1
com.serotonin.mango.db.dao.DataPointDao,74,3,4,0,118,82
com.serotonin.mango.db.dao.DataPointDao.DataPointRowMapper,4,1,1,0,19,2
com.serotonin.mango.db.dao.DataPointDao.EventDetectorRowMapper,4,1,1,0,20,2
com.serotonin.mango.db.dao.DataSourceDao,29,3,2,0,34,19
com.serotonin.mango.db.dao.DataSourceDao.DataSourceNameComparator,2,1,1,0,4,2
com.serotonin.mango.db.dao.DataSourceDao.DataSourceRowMapper,2,1,1,0,9,1
com.serotonin.mango.db.dao.EventDao,36,3,3,0,127,99
com.serotonin.mango.db.dao.EventDao.EventHandlerRowMapper,2,1,1,0,9,1
com.serotonin.mango.db.dao.EventDao.EventInstanceRowMapper,6,1,1,1,16,4
com.serotonin.mango.db.dao.EventDao.PendingEventCacheEntry,2,1,2,0,4,3
com.serotonin.mango.db.dao.EventDao.UserEventInstanceRowMapper,4,2,1,0,7,2
com.serotonin.mango.db.dao.EventDao.UserPendingEventRetriever,3,1,1,0,4,2
com.serotonin.mango.db.dao.MailingListDao,20,3,4,0,38,25
com.serotonin.mango.db.dao.MailingListDao.EmailRecipientRowMapper,5,1,1,0,8,4
com.serotonin.mango.db.dao.MailingListDao.MailingListRowMapper,2,1,1,0,6,1
com.serotonin.mango.db.dao.MailingListDao.MailingListScheduleInactiveMapper,1,1,1,0,2,1
com.serotonin.mango.db.dao.MaintenanceEventDao,14,3,3,0,47,14
com.serotonin.mango.db.dao.MaintenanceEventDao.MaintenanceEventRowMapper,3,1,1,0,28,1
com.serotonin.mango.db.dao.PointLinkDao,10,3,3,0,29,12
com.serotonin.mango.db.dao.PointLinkDao.PointLinkRowMapper,3,1,1,0,11,1
com.serotonin.mango.db.dao.PointValueDao,40,3,3,0,115,79
com.serotonin.mango.db.dao.PointValueDao.BatchWriteBehind,9,1,2,0,30,16
com.serotonin.mango.db.dao.PointValueDao.BatchWriteBehindEntry,2,1,1,0,2,2
com.serotonin.mango.db.dao.PointValueDao.IdPointValueRowMapper,3,1,1,0,5,1
com.serotonin.mango.db.dao.PointValueDao.PointValueRowMapper,4,1,1,0,7,2
com.serotonin.mango.db.dao.PointValueDao.UnsavedPointValue,3,1,3,0,4,4
com.serotonin.mango.db.dao.PublisherDao,16,3,4,0,23,10
com.serotonin.mango.db.dao.PublisherDao.PublisherNameComparator,3,1,1,0,4,2
com.serotonin.mango.db.dao.PublisherDao.PublisherRowMapper,3,1,1,0,8,1
com.serotonin.mango.db.dao.ReportDao,40,3,4,0,73,55
com.serotonin.mango.db.dao.ReportDao.PointInfo,3,1,3,0,4,4
com.serotonin.mango.db.dao.ReportDao.ReportCommentRowMapper,2,1,1,0,10,1
com.serotonin.mango.db.dao.ReportDao.ReportInstanceRowMapper,3,1,1,0,17,1
com.serotonin.mango.db.dao.ReportDao.ReportRowMapper,2,1,1,0,9,1
com.serotonin.mango.db.dao.ScheduledEventDao,15,3,3,0,45,12
com.serotonin.mango.db.dao.ScheduledEventDao.ScheduledEventRowMapper,3,1,1,0,25,1
com.serotonin.mango.db.dao.SystemSettingsDao,20,3,1,0,30,21
com.serotonin.mango.db.dao.UserCommentRowMapper,3,1,1,0,8,1
com.serotonin.mango.db.dao.UserDao,35,3,2,0,45,26
com.serotonin.mango.db.dao.UserDao.UserRowMapper,3,1,1,0,17,1
com.serotonin.mango.db.dao.ViewDao,15,3,4,0,40,24
com.serotonin.mango.db.dao.ViewDao.ViewNameRowMapper,1,1,1,0,6,1
com.serotonin.mango.db.dao.ViewDao.ViewRowMapper,2,1,1,0,12,2
com.serotonin.mango.db.dao.ViewDao.ViewUserRowMapper,2,1,1,0,4,1
com.serotonin.mango.db.dao.WatchListDao,16,3,7,0,40,26
com.serotonin.mango.db.dao.WatchListDao.WatchListRowMapper,2,1,1,0,7,1
com.serotonin.mango.db.dao.WatchListDao.WatchListUserRowMapper,2,1,1,0,4,1
com.serotonin.mango.db.upgrade.DBUpgrade,43,3,2,38,33,9
com.serotonin.mango.db.upgrade.Upgrade0_10_0,1,4,2,0,9,2
com.serotonin.mango.db.upgrade.Upgrade0_7_0,11,4,2,0,29,20
com.serotonin.mango.db.upgrade.Upgrade0_7_0.DataPointRowMapper,21,1,1,0,61,24
com.serotonin.mango.db.upgrade.Upgrade0_7_0.DataSourceRowMapper,9,1,1,0,24,4
com.serotonin.mango.db.upgrade.Upgrade0_8_0,1,4,2,0,2,2
com.serotonin.mango.db.upgrade.Upgrade0_8_1,1,4,2,0,8,2
com.serotonin.mango.db.upgrade.Upgrade0_9_0,1,4,2,0,9,2
com.serotonin.mango.db.upgrade.Upgrade0_9_1,1,4,2,0,9,2
com.serotonin.mango.db.upgrade.Upgrade0_9_2,4,4,2,0,15,3
com.serotonin.mango.db.upgrade.Upgrade1_0_0,1,4,2,0,9,2
com.serotonin.mango.db.upgrade.Upgrade1_0_1,4,4,2,0,18,8
com.serotonin.mango.db.upgrade.Upgrade1_0_1.PointViewRowMapper,9,1,1,0,16,5
com.serotonin.mango.db.upgrade.Upgrade1_10_0,4,4,2,0,14,4
com.serotonin.mango.db.upgrade.Upgrade1_11_0,1,4,2,0,5,2
com.serotonin.mango.db.upgrade.Upgrade1_11_1,1,4,2,0,6,2
com.serotonin.mango.db.upgrade.Upgrade1_11_2,1,4,2,0,5,2
com.serotonin.mango.db.upgrade.Upgrade1_12_0,1,4,2,0,5,2
com.serotonin.mango.db.upgrade.Upgrade1_12_1,1,4,2,0,6,2
com.serotonin.mango.db.upgrade.Upgrade1_12_2,1,4,2,0,5,2
com.serotonin.mango.db.upgrade.Upgrade1_1_0,1,4,2,0,9,2
com.serotonin.mango.db.upgrade.Upgrade1_1_1,6,4,2,0,18,7
com.serotonin.mango.db.upgrade.Upgrade1_1_1.EventHandlerRowMapper,5,1,1,0,17,2
com.serotonin.mango.db.upgrade.Upgrade1_1_1.EventTypeAndHandler,4,1,0,0,1,1
com.serotonin.mango.db.upgrade.Upgrade1_1_1.RecipientListEntryBeanRowMapper,2,1,1,0,6,1
com.serotonin.mango.db.upgrade.Upgrade1_2_0,1,4,2,0,9,2
com.serotonin.mango.db.upgrade.Upgrade1_2_1,1,4,2,0,9,2
com.serotonin.mango.db.upgrade.Upgrade1_2_2,1,4,2,0,9,2
com.serotonin.mango.db.upgrade.Upgrade1_2_3,1,4,2,0,2,2
com.serotonin.mango.db.upgrade.Upgrade1_3_0,1,4,2,0,9,2
com.serotonin.mango.db.upgrade.Upgrade1_4_0,1,4,2,0,2,2
com.serotonin.mango.db.upgrade.Upgrade1_4_1,1,4,2,0,2,2
com.serotonin.mango.db.upgrade.Upgrade1_4_2,1,4,2,0,9,2
com.serotonin.mango.db.upgrade.Upgrade1_5_0,30,4,2,0,23,20
com.serotonin.mango.db.upgrade.Upgrade1_6_0,4,4,2,0,17,4
com.serotonin.mango.db.upgrade.Upgrade1_6_1,1,4,2,0,9,2
com.serotonin.mango.db.upgrade.Upgrade1_6_2,3,4,2,0,13,2
com.serotonin.mango.db.upgrade.Upgrade1_6_3,3,4,2,0,13,2
com.serotonin.mango.db.upgrade.Upgrade1_6_4,3,4,2,0,13,2
com.serotonin.mango.db.upgrade.Upgrade1_7_0,3,4,2,0,13,2
com.serotonin.mango.db.upgrade.Upgrade1_8_0,1,4,2,0,5,2
com.serotonin.mango.db.upgrade.Upgrade1_8_1,1,4,2,0,5,2
com.serotonin.mango.db.upgrade.Upgrade1_8_2,1,4,2,0,5,2
com.serotonin.mango.db.upgrade.Upgrade1_8_3,8,4,2,0,22,8
com.serotonin.mango.db.upgrade.Upgrade1_9_0,3,4,2,0,12,2
com.serotonin.mango.rt.EventManager,34,1,3,0,77,70
com.serotonin.mango.rt.RTException,2,4,0,0,8,4
com.serotonin.mango.rt.RuntimeManager,87,1,4,0,200,146
com.serotonin.mango.rt.dataImage.AnnotatedPointValueTime,8,2,3,0,11,13
com.serotonin.mango.rt.dataImage.DataPointEventMulticaster,3,1,1,0,22,23
com.serotonin.mango.rt.dataImage.DataPointListener,n/a,n/a,n/a,n/a,6,n/a
com.serotonin.mango.rt.dataImage.DataPointRT,87,1,4,0,104,91
com.serotonin.mango.rt.dataImage.DataPointRT.EventNotifyWorkItem,4,1,2,0,8,6
com.serotonin.mango.rt.dataImage.HistoricalDataPoint,5,1,5,0,16,11
com.serotonin.mango.rt.dataImage.IDataPoint,n/a,n/a,n/a,n/a,9,n/a
com.serotonin.mango.rt.dataImage.IdPointValueTime,5,2,1,0,3,2
com.serotonin.mango.rt.dataImage.PointValueCache,4,1,1,0,24,24
com.serotonin.mango.rt.dataImage.PointValueFacade,10,1,1,0,22,13
com.serotonin.mango.rt.dataImage.PointValueTime,129,1,3,2,26,20
com.serotonin.mango.rt.dataImage.PvtTimeComparator,2,1,1,0,2,3
com.serotonin.mango.rt.dataImage.SetPointSource,n/a,n/a,n/a,n/a,3,n/a
com.serotonin.mango.rt.dataImage.SetPointSource.Types,n/a,n/a,n/a,n/a,0,n/a
com.serotonin.mango.rt.dataImage.types.AlphanumericValue,15,2,7,0,20,24
com.serotonin.mango.rt.dataImage.types.BinaryValue,26,2,6,0,20,26
com.serotonin.mango.rt.dataImage.types.ImageValue,18,2,8,0,50,41
com.serotonin.mango.rt.dataImage.types.MangoValue,96,1,11,5,22,14
com.serotonin.mango.rt.dataImage.types.MultistateValue,20,2,6,0,19,22
com.serotonin.mango.rt.dataImage.types.NumericValue,32,2,6,0,22,21
com.serotonin.mango.rt.dataSource.DataSourceRT,64,1,9,3,38,21
com.serotonin.mango.rt.dataSource.DataSourceUtils,16,1,2,0,25,21
com.serotonin.mango.rt.dataSource.EventDataSource,11,2,2,6,8,4
com.serotonin.mango.rt.dataSource.NoMatchException,3,4,0,0,2,1
com.serotonin.mango.rt.dataSource.PointLocatorRT,55,1,2,25,2,1
com.serotonin.mango.rt.dataSource.PollingDataSource,24,2,2,18,33,14
com.serotonin.mango.rt.dataSource.bacnet.BACnetIPDataSourceRT,20,3,9,0,167,108
com.serotonin.mango.rt.dataSource.bacnet.BACnetIPDataSourceRT.CovResubscriptionTask,3,2,1,0,8,4
com.serotonin.mango.rt.dataSource.bacnet.BACnetIPDataSourceRT.DevicePoller,4,1,2,0,11,4
com.serotonin.mango.rt.dataSource.bacnet.BACnetIPPointLocatorRT,4,2,4,0,35,17
com.serotonin.mango.rt.dataSource.ebro.EBI25Constants,9,1,5,0,39,25
com.serotonin.mango.rt.dataSource.ebro.EBI25DataSourceRT,10,3,2,0,53,23
com.serotonin.mango.rt.dataSource.ebro.EBI25PointLocatorRT,3,2,1,0,4,3
com.serotonin.mango.rt.dataSource.ebro.ExceptionResultException,3,3,2,0,3,3
com.serotonin.mango.rt.dataSource.galil.CommandPointTypeRT,4,2,4,0,8,5
com.serotonin.mango.rt.dataSource.galil.GalilDataSourceRT,14,3,1,0,60,26
com.serotonin.mango.rt.dataSource.galil.GalilMessageParser,4,1,1,0,7,3
com.serotonin.mango.rt.dataSource.galil.GalilPointLocatorRT,6,2,1,0,12,7
com.serotonin.mango.rt.dataSource.galil.GalilRequest,3,1,2,0,4,3
com.serotonin.mango.rt.dataSource.galil.GalilResponse,3,1,2,0,6,4
com.serotonin.mango.rt.dataSource.galil.GalilWaitingRoomKeyFactory,2,1,2,0,2,2
com.serotonin.mango.rt.dataSource.galil.GalilWaitingRoomKeyFactory.GalilWaitingRoomKey,1,1,0,0,3,5
com.serotonin.mango.rt.dataSource.galil.InputPointTypeRT,5,2,3,0,16,7
com.serotonin.mango.rt.dataSource.galil.OutputPointTypeRT,4,2,2,0,13,7
com.serotonin.mango.rt.dataSource.galil.PointTypeRT,16,1,8,5,15,9
com.serotonin.mango.rt.dataSource.galil.TellPositionPointTypeRT,4,2,3,0,18,6
com.serotonin.mango.rt.dataSource.galil.VariablePointTypeRT,8,2,2,0,26,14
com.serotonin.mango.rt.dataSource.http.HttpImageDataSourceRT,9,3,3,0,29,12
com.serotonin.mango.rt.dataSource.http.HttpImageDataSourceRT.ImageRetriever,9,1,2,0,29,9
com.serotonin.mango.rt.dataSource.http.HttpImageDataSourceRT.ImageRetrieverMonitor,5,1,1,0,14,8
com.serotonin.mango.rt.dataSource.http.HttpImagePointLocatorRT,2,2,1,0,4,3
com.serotonin.mango.rt.dataSource.http.HttpMulticastListener,n/a,n/a,n/a,n/a,4,n/a
com.serotonin.mango.rt.dataSource.http.HttpReceiverData,7,1,4,0,15,10
com.serotonin.mango.rt.dataSource.http.HttpReceiverDataSourceRT,16,3,4,0,34,13
com.serotonin.mango.rt.dataSource.http.HttpReceiverMulticaster,7,1,1,0,16,7
com.serotonin.mango.rt.dataSource.http.HttpReceiverPointLocatorRT,3,2,1,0,4,3
com.serotonin.mango.rt.dataSource.http.HttpReceiverPointSample,2,1,3,0,6,6
com.serotonin.mango.rt.dataSource.http.HttpRetrieverDataSourceRT,13,3,2,0,42,15
com.serotonin.mango.rt.dataSource.http.HttpRetrieverPointLocatorRT,4,2,8,0,20,12
com.serotonin.mango.rt.dataSource.internal.InternalDataSourceRT,8,3,2,0,14,5
com.serotonin.mango.rt.dataSource.internal.InternalPointLocatorRT,3,2,1,0,4,3
com.serotonin.mango.rt.dataSource.jmx.JmxDataSourceRT,9,3,2,0,61,32
com.serotonin.mango.rt.dataSource.jmx.JmxPointLocatorRT,4,2,4,0,23,18
com.serotonin.mango.rt.dataSource.mbus.MBusConnectionType,2,n/a,2,n/a,2,0
com.serotonin.mango.rt.dataSource.mbus.MBusDataSourceRT,8,3,2,0,54,19
com.serotonin.mango.rt.dataSource.mbus.MBusPointLocatorRT,5,2,2,0,45,6
com.serotonin.mango.rt.dataSource.meta.AbstractPointWrapper,10,1,2,3,21,17
com.serotonin.mango.rt.dataSource.meta.AlphanumericPointWrapper,8,2,2,0,22,14
com.serotonin.mango.rt.dataSource.meta.BinaryPointWrapper,8,3,2,0,12,7
com.serotonin.mango.rt.dataSource.meta.DataPointStateException,3,4,1,0,3,2
com.serotonin.mango.rt.dataSource.meta.DistinctPointWrapper,8,2,1,2,15,8
com.serotonin.mango.rt.dataSource.meta.HistoricalMetaPointLocatorRT,12,3,4,0,23,8
com.serotonin.mango.rt.dataSource.meta.MetaDataSourceRT,9,2,4,0,22,12
com.serotonin.mango.rt.dataSource.meta.MetaPointExecutionException,2,4,1,0,2,2
com.serotonin.mango.rt.dataSource.meta.MetaPointLocatorRT,18,2,4,1,59,34
com.serotonin.mango.rt.dataSource.meta.MetaPointLocatorRT.ExecutionDelayTimeout,2,2,1,0,8,2
com.serotonin.mango.rt.dataSource.meta.MetaPointLocatorRT.ScheduledUpdateTimeout,2,2,1,0,10,3
com.serotonin.mango.rt.dataSource.meta.MultistatePointWrapper,8,3,2,0,12,7
com.serotonin.mango.rt.dataSource.meta.NumericPointWrapper,8,2,2,0,22,14
com.serotonin.mango.rt.dataSource.meta.ResultTypeException,5,4,0,0,2,1
com.serotonin.mango.rt.dataSource.meta.ScriptExecutor,26,1,1,0,59,30
com.serotonin.mango.rt.dataSource.meta.WrapperContext,8,1,2,0,12,10
com.serotonin.mango.rt.dataSource.modbus.ModbusDataSource,20,3,1,2,122,48
com.serotonin.mango.rt.dataSource.modbus.ModbusIpDataSource,3,4,1,0,15,3
com.serotonin.mango.rt.dataSource.modbus.ModbusPointLocatorRT,3,2,1,0,7,4
com.serotonin.mango.rt.dataSource.modbus.ModbusSerialDataSource,4,4,1,0,29,6
com.serotonin.mango.rt.dataSource.nmea.NmeaDataSourceRT,14,3,1,0,52,21
com.serotonin.mango.rt.dataSource.nmea.NmeaMessage,5,1,3,0,7,7
com.serotonin.mango.rt.dataSource.nmea.NmeaMessageListener,n/a,n/a,n/a,n/a,1,n/a
com.serotonin.mango.rt.dataSource.nmea.NmeaPointLocatorRT,3,2,1,0,11,6
com.serotonin.mango.rt.dataSource.nmea.NmeaReceiver,5,1,2,0,31,12
com.serotonin.mango.rt.dataSource.onewire.Network,5,1,1,0,65,43
com.serotonin.mango.rt.dataSource.onewire.NetworkPath,5,1,3,0,36,23
com.serotonin.mango.rt.dataSource.onewire.NetworkPathElement,2,1,2,0,8,13
com.serotonin.mango.rt.dataSource.onewire.OneWireContainerAttribute,2,1,4,0,11,10
com.serotonin.mango.rt.dataSource.onewire.OneWireContainerInfo,6,1,2,0,18,14
com.serotonin.mango.rt.dataSource.onewire.OneWireDataSourceRT,20,3,1,0,86,49
com.serotonin.mango.rt.dataSource.onewire.OneWireDataSourceRT.NetworkReloadException,1,4,0,0,2,1
com.serotonin.mango.rt.dataSource.onewire.OneWirePointLocatorRT,3,2,2,0,7,4
com.serotonin.mango.rt.dataSource.openv4j.OpenV4JDataSourceRT,11,3,1,0,61,23
com.serotonin.mango.rt.dataSource.openv4j.OpenV4JPointLocatorRT,3,2,2,0,7,4
com.serotonin.mango.rt.dataSource.pachube.PachubeDataSourceRT,15,3,2,0,87,26
com.serotonin.mango.rt.dataSource.pachube.PachubePointLocatorRT,3,2,5,0,11,6
com.serotonin.mango.rt.dataSource.pachube.PachubeValue,2,1,2,0,3,3
com.serotonin.mango.rt.dataSource.persistent.DoAbortException,1,3,1,0,2,2
com.serotonin.mango.rt.dataSource.persistent.PersistentDataSourceRT,7,3,2,0,40,12
com.serotonin.mango.rt.dataSource.persistent.PersistentDataSourceRT.ConnectionHandler,32,1,1,0,117,45
com.serotonin.mango.rt.dataSource.persistent.PersistentDataSourceRT.ConnectionHandler.PacketInfo,1,1,0,0,0,0
com.serotonin.mango.rt.dataSource.persistent.PersistentDataSourceRT.ConnectionHandler.RangeCountHandler,5,1,1,0,13,3
com.serotonin.mango.rt.dataSource.persistent.PersistentPointLocatorRT,2,2,1,0,4,3
com.serotonin.mango.rt.dataSource.pop3.Pop3DataSourceRT,12,3,2,0,68,26
com.serotonin.mango.rt.dataSource.pop3.Pop3Email,1,1,3,0,6,6
com.serotonin.mango.rt.dataSource.pop3.Pop3PointLocatorRT,4,2,10,0,24,14
com.serotonin.mango.rt.dataSource.snmp.SnmpDataSourceRT,11,3,1,0,91,35
com.serotonin.mango.rt.dataSource.snmp.SnmpPointLocatorRT,10,2,2,0,38,24
com.serotonin.mango.rt.dataSource.snmp.SnmpTrapRouter,2,1,1,0,17,12
com.serotonin.mango.rt.dataSource.snmp.SnmpTrapRouter.PortListener,2,1,2,0,27,11
com.serotonin.mango.rt.dataSource.snmp.SnmpUtils,2,1,1,0,5,2
com.serotonin.mango.rt.dataSource.snmp.Version,6,1,5,2,15,5
com.serotonin.mango.rt.dataSource.snmp.Version1,3,2,4,1,9,5
com.serotonin.mango.rt.dataSource.snmp.Version2c,2,3,1,0,3,2
com.serotonin.mango.rt.dataSource.snmp.Version3,2,2,3,0,26,18
com.serotonin.mango.rt.dataSource.spinwave.SpinwaveDataSourceRT,8,3,2,0,44,14
com.serotonin.mango.rt.dataSource.spinwave.SpinwavePointLocatorRT,3,2,1,0,4,3
com.serotonin.mango.rt.dataSource.sql.SqlDataSourceRT,17,3,1,0,95,45
com.serotonin.mango.rt.dataSource.sql.SqlPointLocatorRT,3,2,1,0,4,3
com.serotonin.mango.rt.dataSource.viconics.ViconicsDataSourceRT,36,3,2,0,155,59
com.serotonin.mango.rt.dataSource.viconics.ViconicsDataSourceRT.PointKey,4,1,0,0,11,9
com.serotonin.mango.rt.dataSource.viconics.ViconicsPointLocatorRT,2,2,1,0,3,2
com.serotonin.mango.rt.dataSource.virtual.AlternateBooleanChangeRT,4,2,1,0,3,1
com.serotonin.mango.rt.dataSource.virtual.AnalogAttractorChangeRT,9,2,1,0,15,9
com.serotonin.mango.rt.dataSource.virtual.BrownianChangeRT,4,2,1,0,8,4
com.serotonin.mango.rt.dataSource.virtual.ChangeTypeRT,22,1,1,9,2,0
com.serotonin.mango.rt.dataSource.virtual.IncrementAnalogChangeRT,4,2,1,0,8,8
com.serotonin.mango.rt.dataSource.virtual.IncrementMultistateChangeRT,5,2,1,0,6,10
com.serotonin.mango.rt.dataSource.virtual.NoChangeRT,3,2,1,0,1,1
com.serotonin.mango.rt.dataSource.virtual.RandomAnalogChangeRT,4,2,1,0,6,2
com.serotonin.mango.rt.dataSource.virtual.RandomBooleanChangeRT,4,2,1,0,3,1
com.serotonin.mango.rt.dataSource.virtual.RandomMultistateChangeRT,5,2,1,0,5,2
com.serotonin.mango.rt.dataSource.virtual.VirtualDataSourceRT,7,3,3,0,18,6
com.serotonin.mango.rt.dataSource.virtual.VirtualPointLocatorRT,5,2,2,0,7,6
com.serotonin.mango.rt.dataSource.vmstat.VMStatDataSourceRT,10,3,1,0,48,45
com.serotonin.mango.rt.dataSource.vmstat.VMStatPointLocatorRT,3,2,1,0,4,3
com.serotonin.mango.rt.event.AlarmLevels,25,1,1,0,5,7
com.serotonin.mango.rt.event.EventDetector,n/a,n/a,n/a,n/a,1,n/a
com.serotonin.mango.rt.event.EventDetectorListener,n/a,n/a,n/a,n/a,2,n/a
com.serotonin.mango.rt.event.EventInstance,27,1,11,0,45,52
com.serotonin.mango.rt.event.EventInstance.AlternateAcknowledgementSources,n/a,n/a,n/a,n/a,0,n/a
com.serotonin.mango.rt.event.EventInstance.RtnCauses,n/a,n/a,n/a,n/a,0,n/a
com.serotonin.mango.rt.event.SimpleEventDetector,7,1,2,2,12,8
com.serotonin.mango.rt.event.compound.AndOperator,3,3,1,0,5,3
com.serotonin.mango.rt.event.compound.BinaryOperator,4,2,1,2,9,5
com.serotonin.mango.rt.event.compound.CompoundEventDetectorRT,22,1,2,0,61,46
com.serotonin.mango.rt.event.compound.CompoundEventDetectorRT.ConditionStatementCharacter,1,1,0,0,1,1
com.serotonin.mango.rt.event.compound.ConditionParseException,2,4,2,0,6,5
com.serotonin.mango.rt.event.compound.EventDetectorWrapper,7,2,1,0,16,10
com.serotonin.mango.rt.event.compound.LogicalOperator,8,1,5,4,7,1
com.serotonin.mango.rt.event.compound.NotOperator,2,2,1,0,12,7
com.serotonin.mango.rt.event.compound.OrOperator,3,3,1,0,5,3
com.serotonin.mango.rt.event.compound.Parenthesis,2,2,1,0,12,7
com.serotonin.mango.rt.event.detectors.AlphanumericStateDetectorRT,7,6,1,0,12,4
com.serotonin.mango.rt.event.detectors.AnalogHighLimitDetectorRT,7,5,1,0,22,14
com.serotonin.mango.rt.event.detectors.AnalogLowLimitDetectorRT,7,5,1,0,24,14
com.serotonin.mango.rt.event.detectors.BinaryStateDetectorRT,7,6,1,0,11,4
com.serotonin.mango.rt.event.detectors.DifferenceDetectorRT,12,5,1,2,18,9
com.serotonin.mango.rt.event.detectors.MultistateStateDetectorRT,7,6,1,0,11,4
com.serotonin.mango.rt.event.detectors.NegativeCusumDetectorRT,7,5,1,0,23,15
com.serotonin.mango.rt.event.detectors.NoChangeDetectorRT,6,6,2,0,8,3
com.serotonin.mango.rt.event.detectors.NoUpdateDetectorRT,6,6,2,0,8,3
com.serotonin.mango.rt.event.detectors.PointChangeDetectorRT,6,3,2,0,15,5
com.serotonin.mango.rt.event.detectors.PointEventDetectorRT,28,2,10,2,33,16
com.serotonin.mango.rt.event.detectors.PositiveCusumDetectorRT,7,5,1,0,23,15
com.serotonin.mango.rt.event.detectors.StateChangeCountDetectorRT,5,4,2,0,34,14
com.serotonin.mango.rt.event.detectors.StateDetectorRT,7,5,1,3,16,12
com.serotonin.mango.rt.event.detectors.TimeDelayedEventDetectorRT,16,4,2,6,23,11
com.serotonin.mango.rt.event.detectors.TimeoutDetectorRT,18,3,2,2,19,11
com.serotonin.mango.rt.event.handlers.EmailHandlerRT,16,2,1,0,52,21
com.serotonin.mango.rt.event.handlers.EmailHandlerRT.NotificationType,1,n/a,4,n/a,5,3
com.serotonin.mango.rt.event.handlers.EventHandlerRT,6,1,2,3,2,0
com.serotonin.mango.rt.event.handlers.ProcessHandlerRT,4,2,1,0,8,5
com.serotonin.mango.rt.event.handlers.SetPointHandlerRT,19,2,2,0,47,26
com.serotonin.mango.rt.event.maintenance.MaintenanceEventRT,11,1,2,0,51,33
com.serotonin.mango.rt.event.schedule.ScheduledEventRT,11,2,2,0,53,30
com.serotonin.mango.rt.event.type.AuditEventType,92,2,7,0,74,58
com.serotonin.mango.rt.event.type.CompoundDetectorEventType,9,2,4,0,21,18
com.serotonin.mango.rt.event.type.DataPointEventType,10,2,3,0,26,20
com.serotonin.mango.rt.event.type.DataSourceEventType,12,2,4,0,26,20
com.serotonin.mango.rt.event.type.EventType,53,1,19,8,41,34
com.serotonin.mango.rt.event.type.EventType.DuplicateHandling,n/a,n/a,n/a,n/a,0,n/a
com.serotonin.mango.rt.event.type.EventType.EventSources,n/a,n/a,n/a,n/a,0,n/a
com.serotonin.mango.rt.event.type.EventTypeFactory,12,1,1,0,8,12
com.serotonin.mango.rt.event.type.MaintenanceEventType,9,2,4,0,19,16
com.serotonin.mango.rt.event.type.PublisherEventType,13,2,3,0,24,18
com.serotonin.mango.rt.event.type.ScheduledEventType,9,2,4,0,20,17
com.serotonin.mango.rt.event.type.SystemEventType,23,2,4,0,40,29
com.serotonin.mango.rt.link.PointLinkRT,22,1,4,0,50,26
com.serotonin.mango.rt.maint.BackgroundProcessing,14,1,1,0,23,14
com.serotonin.mango.rt.maint.DataPurge,16,1,2,0,37,15
com.serotonin.mango.rt.maint.DataPurge.DataPurgeTask,1,2,1,0,5,2
com.serotonin.mango.rt.maint.MemoryCheck,1,2,2,0,13,4
com.serotonin.mango.rt.maint.VersionCheck,18,2,2,0,74,32
com.serotonin.mango.rt.maint.VersionCheck.NI,1,1,0,0,0,0
com.serotonin.mango.rt.maint.WorkItemMonitor,5,2,1,0,17,5
com.serotonin.mango.rt.maint.work.EmailWorkItem,14,1,2,0,24,12
com.serotonin.mango.rt.maint.work.ProcessWorkItem,9,1,2,0,28,7
com.serotonin.mango.rt.maint.work.ProcessWorkItem.InputReader,2,1,2,0,12,6
com.serotonin.mango.rt.maint.work.ProcessWorkItem.ProcessTimeout,2,1,2,0,8,5
com.serotonin.mango.rt.maint.work.ReportWorkItem,21,1,2,0,86,22
com.serotonin.mango.rt.maint.work.SetPointWorkItem,8,1,2,0,16,7
com.serotonin.mango.rt.maint.work.WorkItem,n/a,n/a,n/a,n/a,2,n/a
com.serotonin.mango.rt.publish.PublishQueue,11,1,1,1,17,14
com.serotonin.mango.rt.publish.PublishQueueEntry,8,1,2,0,3,3
com.serotonin.mango.rt.publish.PublishedPointRT,10,1,3,0,20,12
com.serotonin.mango.rt.publish.PublisherRT,26,1,3,3,57,31
com.serotonin.mango.rt.publish.SendThread,4,2,4,3,16,7
com.serotonin.mango.rt.publish.httpSender.HttpSenderRT,13,2,3,0,29,11
com.serotonin.mango.rt.publish.httpSender.HttpSenderRT.HttpSendThread,11,3,1,0,35,18
com.serotonin.mango.rt.publish.pachube.PachubePublishQueue,6,2,1,0,11,4
com.serotonin.mango.rt.publish.pachube.PachubeSenderRT,10,2,3,0,15,4
com.serotonin.mango.rt.publish.pachube.PachubeSenderRT.PachubeSendThread,13,3,1,0,33,12
com.serotonin.mango.rt.publish.persistent.Packet,10,1,2,0,59,37
com.serotonin.mango.rt.publish.persistent.PacketType,8,n/a,3,n/a,6,13
com.serotonin.mango.rt.publish.persistent.PayloadReadTimeoutException,3,4,3,0,4,4
com.serotonin.mango.rt.publish.persistent.PersistentAbortException,4,3,1,0,2,2
com.serotonin.mango.rt.publish.persistent.PersistentProtocolException,4,3,0,0,2,1
com.serotonin.mango.rt.publish.persistent.PersistentSenderRT,22,2,3,0,42,11
com.serotonin.mango.rt.publish.persistent.PersistentSenderRT.PersistentSendThread,25,3,1,0,90,44
com.serotonin.mango.rt.publish.persistent.PersistentSenderRT.PersistentSendThread.PointHierarchySync,4,1,1,0,3,1
com.serotonin.mango.rt.publish.persistent.PersistentSenderRT.PersistentSendThread.SyncHandler,16,2,1,0,51,29
com.serotonin.mango.util.BackgroundContext,4,1,3,0,12,8
com.serotonin.mango.util.ChangeComparable,n/a,n/a,n/a,n/a,4,n/a
com.serotonin.mango.util.ChangeComparableObject,n/a,n/a,n/a,n/a,2,n/a
com.serotonin.mango.util.CommPortConfigException,2,3,0,0,2,1
com.serotonin.mango.util.DateUtils,17,1,2,0,23,20
com.serotonin.mango.util.DocumentationItem,2,1,2,0,6,4
com.serotonin.mango.util.DocumentationManifest,4,1,1,0,15,6
com.serotonin.mango.util.ExportCodes,84,1,1,0,20,23
com.serotonin.mango.util.ExportCodes.Element,1,1,0,0,1,1
com.serotonin.mango.util.IntMessagePair,4,1,2,0,6,6
com.serotonin.mango.util.LocalizableJsonException,54,4,1,0,4,3
com.serotonin.mango.util.MangoGroveLogAppender,4,2,3,0,28,8
com.serotonin.mango.util.mindprod.StripEntities,2,1,1,0,41,58
com.serotonin.mango.util.test.DummyServletContext,0,1,23,0,29,25
com.serotonin.mango.util.timeout.ModelTimeoutClient,n/a,n/a,n/a,n/a,1,n/a
com.serotonin.mango.util.timeout.ModelTimeoutTask,5,2,1,0,9,4
com.serotonin.mango.util.timeout.TimeoutClient,n/a,n/a,n/a,n/a,1,n/a
com.serotonin.mango.util.timeout.TimeoutTask,7,2,1,0,9,4
com.serotonin.mango.view.DynamicImage,7,2,2,0,4,3
com.serotonin.mango.view.ImageSet,13,2,2,0,10,6
com.serotonin.mango.view.ImplDefinition,48,1,5,0,14,15
com.serotonin.mango.view.PointView,5,1,7,0,31,27
com.serotonin.mango.view.ShareUser,16,1,1,0,18,10
com.serotonin.mango.view.View,22,1,2,0,69,62
com.serotonin.mango.view.ViewGraphic,11,1,8,2,9,9
com.serotonin.mango.view.ViewGraphicLoader,4,1,1,0,39,19
com.serotonin.mango.view.chart.BaseChartRenderer,10,1,3,3,21,11
com.serotonin.mango.view.chart.BaseChartRenderer.Factory,8,1,1,0,12,9
com.serotonin.mango.view.chart.ChartRenderer,n/a,n/a,n/a,n/a,3,n/a
com.serotonin.mango.view.chart.ImageChartRenderer,10,3,2,0,13,8
com.serotonin.mango.view.chart.ImageFlipbookRenderer,10,2,2,0,19,12
com.serotonin.mango.view.chart.StatisticsChartRenderer,15,3,2,0,48,19
com.serotonin.mango.view.chart.TableChartRenderer,12,2,2,0,19,12
com.serotonin.mango.view.chart.TimePeriodChartRenderer,7,2,1,2,24,15
com.serotonin.mango.view.component.AnalogGraphicComponent,9,4,2,0,17,13
com.serotonin.mango.view.component.BinaryGraphicComponent,10,4,2,0,21,17
com.serotonin.mango.view.component.CompoundChild,4,1,3,0,7,7
com.serotonin.mango.view.component.CompoundComponent,14,2,9,3,79,53
com.serotonin.mango.view.component.DynamicGraphicComponent,13,3,5,0,49,37
com.serotonin.mango.view.component.HtmlComponent,7,2,6,0,15,11
com.serotonin.mango.view.component.ImageChartComponent,9,3,5,0,33,22
com.serotonin.mango.view.component.ImageSetComponent,12,3,3,3,38,29
com.serotonin.mango.view.component.MultistateGraphicComponent,11,4,2,0,51,35
com.serotonin.mango.view.component.PointComponent,20,2,11,6,55,36
com.serotonin.mango.view.component.ScriptComponent,13,3,3,0,27,10
com.serotonin.mango.view.component.SimpleCompoundComponent,6,3,7,0,26,14
com.serotonin.mango.view.component.SimpleImageComponent,7,3,3,0,11,8
com.serotonin.mango.view.component.SimplePointComponent,10,3,3,0,17,12
com.serotonin.mango.view.component.ThumbnailComponent,8,3,3,0,13,10
com.serotonin.mango.view.component.ViewComponent,25,1,14,3,70,53
com.serotonin.mango.view.component.ViewComponent.Factory,3,1,1,0,8,3
com.serotonin.mango.view.component.WirelessTempHumSensor,8,3,5,0,16,7
com.serotonin.mango.view.conversion.Conversion,n/a,n/a,n/a,n/a,1,n/a
com.serotonin.mango.view.conversion.Conversions,8,1,3,0,21,10
com.serotonin.mango.view.conversion.Conversions.ConversionType,1,1,2,0,5,4
com.serotonin.mango.view.conversion.LinearConversion,2,1,1,0,3,3
com.serotonin.mango.view.custom.CustomView,15,1,2,0,17,9
com.serotonin.mango.view.custom.CustomViewChart,8,2,1,0,18,7
com.serotonin.mango.view.custom.CustomViewChartPoint,4,1,2,0,3,3
com.serotonin.mango.view.custom.CustomViewComponent,6,1,1,2,5,3
com.serotonin.mango.view.custom.CustomViewPoint,10,2,1,0,15,7
com.serotonin.mango.view.export.CsvWriter,3,1,1,0,11,11
com.serotonin.mango.view.graphic.AnalogImageSetRenderer,8,3,2,0,20,14
com.serotonin.mango.view.graphic.BaseGraphicRenderer,11,1,1,6,16,6
com.serotonin.mango.view.graphic.BasicImageRenderer,4,2,1,0,9,6
com.serotonin.mango.view.graphic.BasicRenderer,5,2,1,0,9,5
com.serotonin.mango.view.graphic.BinaryImageSetRenderer,8,3,2,0,17,12
com.serotonin.mango.view.graphic.DynamicImageRenderer,9,2,4,0,36,21
com.serotonin.mango.view.graphic.GraphicRenderer,n/a,n/a,n/a,n/a,2,n/a
com.serotonin.mango.view.graphic.ImageSetRenderer,10,2,3,3,24,12
com.serotonin.mango.view.graphic.MultistateImageSetRenderer,7,3,2,0,34,21
com.serotonin.mango.view.graphic.ScriptRenderer,4,2,2,0,13,8
com.serotonin.mango.view.graphic.ThumbnailRenderer,4,2,2,0,11,8
com.serotonin.mango.view.stats.AbstractDataQuantizer,7,1,1,3,7,6
com.serotonin.mango.view.stats.AnalogStatistics,9,1,3,0,26,33
com.serotonin.mango.view.stats.BinaryDataQuantizer,6,2,1,0,4,3
com.serotonin.mango.view.stats.DataQuantizerCallback,n/a,n/a,n/a,n/a,1,n/a
com.serotonin.mango.view.stats.IValueTime,n/a,n/a,n/a,n/a,2,n/a
com.serotonin.mango.view.stats.MultistateDataQuantizer,5,2,1,0,4,3
com.serotonin.mango.view.stats.NumericDataQuantizer,6,2,1,0,6,3
com.serotonin.mango.view.stats.StartsAndRuntime,4,1,4,0,10,10
com.serotonin.mango.view.stats.StartsAndRuntimeList,11,1,3,0,32,28
com.serotonin.mango.view.stats.StatisticsGenerator,n/a,n/a,n/a,n/a,2,n/a
com.serotonin.mango.view.stats.ValueChangeCounter,9,1,4,0,17,12
com.serotonin.mango.view.text.AnalogRenderer,11,2,3,0,24,18
com.serotonin.mango.view.text.BaseTextRenderer,13,1,14,7,44,32
com.serotonin.mango.view.text.BaseTextRenderer.Factory,12,1,1,0,17,12
com.serotonin.mango.view.text.BinaryTextRenderer,10,2,3,0,26,26
com.serotonin.mango.view.text.MultistateRenderer,13,2,2,0,27,21
com.serotonin.mango.view.text.MultistateValue,3,1,3,0,14,11
com.serotonin.mango.view.text.NoneRenderer,7,2,3,0,12,9
com.serotonin.mango.view.text.PlainRenderer,11,2,3,0,21,17
com.serotonin.mango.view.text.RangeRenderer,11,2,2,0,34,25
com.serotonin.mango.view.text.RangeValue,2,1,3,0,19,14
com.serotonin.mango.view.text.TextRenderer,n/a,n/a,n/a,n/a,17,n/a
com.serotonin.mango.view.text.TimeRenderer,8,2,3,0,28,18
com.serotonin.mango.vo.AnonymousUser,3,1,3,0,4,3
com.serotonin.mango.vo.CommPortProxy,1,1,4,0,9,8
com.serotonin.mango.vo.DataPointExtendedNameComparator,11,1,1,0,4,2
com.serotonin.mango.vo.DataPointNameComparator,4,1,1,0,4,2
com.serotonin.mango.vo.DataPointVO,141,1,10,0,140,126
com.serotonin.mango.vo.DataPointVO.IntervalLoggingTypes,n/a,n/a,n/a,n/a,0,n/a
com.serotonin.mango.vo.DataPointVO.LoggingTypes,n/a,n/a,n/a,n/a,0,n/a
com.serotonin.mango.vo.DataPointVO.PurgeTypes,n/a,n/a,n/a,n/a,0,n/a
com.serotonin.mango.vo.ListParent,2,1,2,0,4,4
com.serotonin.mango.vo.User,74,1,16,0,103,91
com.serotonin.mango.vo.UserComment,11,1,4,0,10,9
com.serotonin.mango.vo.WatchList,18,1,1,0,43,34
com.serotonin.mango.vo.bean.ImageValueBean,1,1,2,0,3,3
com.serotonin.mango.vo.bean.LongPair,2,1,2,0,6,7
com.serotonin.mango.vo.bean.PointHistoryCount,2,1,3,0,6,6
com.serotonin.mango.vo.dataSource.AbstractPointLocatorVO,30,1,5,25,21,10
com.serotonin.mango.vo.dataSource.DataPointSaveHandler,n/a,n/a,n/a,n/a,1,n/a
com.serotonin.mango.vo.dataSource.DataSourceVO,70,1,10,25,74,47
com.serotonin.mango.vo.dataSource.DataSourceVO.Type,35,n/a,5,n/a,14,39
com.serotonin.mango.vo.dataSource.PointLocatorVO,n/a,n/a,n/a,n/a,8,n/a
com.serotonin.mango.vo.dataSource.bacnet.BACnetIPDataSourceVO,11,2,6,0,70,51
com.serotonin.mango.vo.dataSource.bacnet.BACnetIPPointLocatorVO,9,2,2,0,72,50
com.serotonin.mango.vo.dataSource.ebro.EBI25DataSourceVO,14,2,10,0,62,43
com.serotonin.mango.vo.dataSource.ebro.EBI25PointLocatorVO,15,2,12,0,59,77
com.serotonin.mango.vo.dataSource.ebro.EBI25PointSaveHandler,8,1,1,0,14,3
com.serotonin.mango.vo.dataSource.galil.CommandPointTypeVO,6,2,8,0,14,11
com.serotonin.mango.vo.dataSource.galil.GalilDataSourceVO,12,2,6,0,48,33
com.serotonin.mango.vo.dataSource.galil.GalilPointLocatorVO,17,2,1,0,49,36
com.serotonin.mango.vo.dataSource.galil.InputPointTypeVO,9,2,5,0,44,32
com.serotonin.mango.vo.dataSource.galil.OutputPointTypeVO,7,2,6,0,19,14
com.serotonin.mango.vo.dataSource.galil.PointTypeVO,10,1,7,5,15,5
com.serotonin.mango.vo.dataSource.galil.PointTypeVO.Types,n/a,n/a,n/a,n/a,0,n/a
com.serotonin.mango.vo.dataSource.galil.TellPositionPointTypeVO,7,2,6,0,38,26
com.serotonin.mango.vo.dataSource.galil.VariablePointTypeVO,9,2,5,0,36,20
com.serotonin.mango.vo.dataSource.http.HttpImageDataSourceVO,11,2,6,0,35,21
com.serotonin.mango.vo.dataSource.http.HttpImagePointLocatorVO,11,2,4,0,49,43
com.serotonin.mango.vo.dataSource.http.HttpReceiverDataSourceVO,10,2,6,0,31,28
com.serotonin.mango.vo.dataSource.http.HttpReceiverPointLocatorVO,9,2,4,0,31,20
com.serotonin.mango.vo.dataSource.http.HttpRetrieverDataSourceVO,11,2,6,0,47,30
com.serotonin.mango.vo.dataSource.http.HttpRetrieverPointLocatorVO,8,2,4,0,49,31
com.serotonin.mango.vo.dataSource.internal.InternalDataSourceVO,11,2,6,0,30,21
com.serotonin.mango.vo.dataSource.internal.InternalPointLocatorVO,11,2,4,0,29,18
com.serotonin.mango.vo.dataSource.internal.InternalPointLocatorVO.Attributes,n/a,n/a,n/a,n/a,0,n/a
com.serotonin.mango.vo.dataSource.jmx.JmxDataSourceVO,14,2,6,0,50,29
com.serotonin.mango.vo.dataSource.jmx.JmxPointLocatorVO,9,2,3,0,41,25
com.serotonin.mango.vo.dataSource.mbus.MBusDataSourceVO,13,2,16,0,62,45
com.serotonin.mango.vo.dataSource.mbus.MBusPointLocatorVO,8,2,5,0,83,72
com.serotonin.mango.vo.dataSource.meta.MetaDataSourceVO,8,2,8,0,19,12
com.serotonin.mango.vo.dataSource.meta.MetaPointLocatorVO,16,2,3,0,82,55
com.serotonin.mango.vo.dataSource.modbus.ModbusDataSourceVO,13,2,4,2,51,45
com.serotonin.mango.vo.dataSource.modbus.ModbusIpDataSourceVO,9,3,3,0,51,30
com.serotonin.mango.vo.dataSource.modbus.ModbusIpDataSourceVO.TransportType,3,n/a,3,n/a,10,7
com.serotonin.mango.vo.dataSource.modbus.ModbusPointLocatorVO,11,2,2,0,71,64
com.serotonin.mango.vo.dataSource.modbus.ModbusSerialDataSourceVO,10,3,3,0,66,47
com.serotonin.mango.vo.dataSource.modbus.ModbusSerialDataSourceVO.EncodingType,3,n/a,3,n/a,4,2
com.serotonin.mango.vo.dataSource.nmea.NmeaDataSourceVO,9,2,6,0,33,21
com.serotonin.mango.vo.dataSource.nmea.NmeaPointLocatorVO,7,2,4,0,33,22
com.serotonin.mango.vo.dataSource.onewire.OneWireDataSourceVO,12,2,6,0,56,38
com.serotonin.mango.vo.dataSource.onewire.OneWirePointLocatorVO,13,2,2,0,42,35
com.serotonin.mango.vo.dataSource.onewire.OneWirePointLocatorVO.AttributeTypes,n/a,n/a,n/a,n/a,0,n/a
com.serotonin.mango.vo.dataSource.openv4j.OpenV4JDataSourceVO,12,2,13,0,59,34
com.serotonin.mango.vo.dataSource.openv4j.OpenV4JPointLocatorVO,8,2,4,0,38,23
com.serotonin.mango.vo.dataSource.pachube.PachubeDataSourceVO,11,2,7,0,45,30
com.serotonin.mango.vo.dataSource.pachube.PachubePointLocatorVO,8,2,3,0,39,24
com.serotonin.mango.vo.dataSource.persistent.PersistentDataSourceVO,10,2,6,0,35,20
com.serotonin.mango.vo.dataSource.persistent.PersistentPointLocatorVO,8,2,6,0,16,12
com.serotonin.mango.vo.dataSource.pop3.Pop3DataSourceVO,11,2,6,0,45,30
com.serotonin.mango.vo.dataSource.pop3.Pop3PointLocatorVO,8,2,4,0,53,36
com.serotonin.mango.vo.dataSource.snmp.SnmpDataSourceVO,11,2,6,0,73,60
com.serotonin.mango.vo.dataSource.snmp.SnmpDataSourceVO.AuthProtocols,n/a,n/a,n/a,n/a,0,n/a
com.serotonin.mango.vo.dataSource.snmp.SnmpDataSourceVO.PrivProtocols,n/a,n/a,n/a,n/a,0,n/a
com.serotonin.mango.vo.dataSource.snmp.SnmpPointLocatorVO,10,2,3,0,43,26
com.serotonin.mango.vo.dataSource.snmp.SnmpPointLocatorVO.SetTypes,n/a,n/a,n/a,n/a,0,n/a
com.serotonin.mango.vo.dataSource.spinwave.BaseSpinwavePointLocatorVO,9,2,4,2,28,16
com.serotonin.mango.vo.dataSource.spinwave.SpinwaveDataSourceVO,12,2,5,0,39,31
com.serotonin.mango.vo.dataSource.spinwave.SpinwaveV1PointLocatorVO,9,3,1,0,18,19
com.serotonin.mango.vo.dataSource.spinwave.SpinwaveV1PointLocatorVO.AttributeTypes,n/a,n/a,n/a,n/a,0,n/a
com.serotonin.mango.vo.dataSource.spinwave.SpinwaveV2PointLocatorVO,8,3,2,0,21,15
com.serotonin.mango.vo.dataSource.sql.SqlDataSourceVO,11,2,6,0,55,36
com.serotonin.mango.vo.dataSource.sql.SqlPointLocatorVO,9,2,3,0,33,23
com.serotonin.mango.vo.dataSource.viconics.ViconicsDataSourceVO,12,2,6,0,52,41
com.serotonin.mango.vo.dataSource.viconics.ViconicsPointLocatorVO,7,2,8,0,26,18
com.serotonin.mango.vo.dataSource.virtual.AlternateBooleanChangeVO,5,2,3,0,8,5
com.serotonin.mango.vo.dataSource.virtual.AnalogAttractorChangeVO,10,2,4,0,37,21
com.serotonin.mango.vo.dataSource.virtual.BrownianChangeVO,7,2,4,0,23,14
com.serotonin.mango.vo.dataSource.virtual.ChangeTypeVO,19,1,6,9,22,14
com.serotonin.mango.vo.dataSource.virtual.ChangeTypeVO.Types,n/a,n/a,n/a,n/a,0,n/a
com.serotonin.mango.vo.dataSource.virtual.IncrementAnalogChangeVO,7,2,4,0,29,16
com.serotonin.mango.vo.dataSource.virtual.IncrementMultistateChangeVO,8,2,4,0,27,13
com.serotonin.mango.vo.dataSource.virtual.NoChangeVO,5,2,3,0,8,5
com.serotonin.mango.vo.dataSource.virtual.RandomAnalogChangeVO,7,2,4,0,21,12
com.serotonin.mango.vo.dataSource.virtual.RandomBooleanChangeVO,5,2,3,0,8,5
com.serotonin.mango.vo.dataSource.virtual.RandomMultistateChangeVO,7,2,4,0,21,11
com.serotonin.mango.vo.dataSource.virtual.VirtualDataSourceVO,12,2,6,0,30,22
com.serotonin.mango.vo.dataSource.virtual.VirtualPointLocatorVO,29,2,1,0,90,87
com.serotonin.mango.vo.dataSource.vmstat.VMStatDataSourceVO,13,2,6,0,32,18
com.serotonin.mango.vo.dataSource.vmstat.VMStatDataSourceVO.OutputScale,n/a,n/a,n/a,n/a,0,n/a
com.serotonin.mango.vo.dataSource.vmstat.VMStatPointLocatorVO,11,2,4,0,29,18
com.serotonin.mango.vo.dataSource.vmstat.VMStatPointLocatorVO.Attributes,n/a,n/a,n/a,n/a,0,n/a
com.serotonin.mango.vo.event.CompoundEventDetectorVO,25,1,3,0,63,36
com.serotonin.mango.vo.event.EventHandlerVO,28,1,2,0,115,168
com.serotonin.mango.vo.event.EventTypeVO,54,1,4,0,27,27
com.serotonin.mango.vo.event.MaintenanceEventVO,19,1,3,0,97,102
com.serotonin.mango.vo.event.PointEventDetectorVO,49,2,3,0,96,120
com.serotonin.mango.vo.event.ScheduledEventVO,19,2,2,0,91,103
com.serotonin.mango.vo.event.SimpleEventDetectorVO,3,1,1,2,1,0
com.serotonin.mango.vo.hierarchy.PointFolder,13,1,1,0,39,34
com.serotonin.mango.vo.hierarchy.PointHierarchy,9,1,1,0,30,24
com.serotonin.mango.vo.hierarchy.PointHierarchyEventDispatcher,4,1,1,0,7,4
com.serotonin.mango.vo.hierarchy.PointHierarchyListener,n/a,n/a,n/a,n/a,1,n/a
com.serotonin.mango.vo.link.PointLinkVO,13,1,3,0,42,32
com.serotonin.mango.vo.mailingList.AddressEntry,5,2,3,0,17,11
com.serotonin.mango.vo.mailingList.EmailRecipient,10,1,6,3,10,2
com.serotonin.mango.vo.mailingList.EmailRecipientFactory,6,1,1,0,8,6
com.serotonin.mango.vo.mailingList.MailingList,10,2,6,0,32,25
com.serotonin.mango.vo.mailingList.UserEntry,8,2,3,0,24,18
com.serotonin.mango.vo.permission.DataPointAccess,10,1,1,0,19,10
com.serotonin.mango.vo.permission.PermissionException,6,4,1,0,3,2
com.serotonin.mango.vo.permission.Permissions,55,1,5,0,55,66
com.serotonin.mango.vo.permission.Permissions.DataPointAccessTypes,n/a,n/a,n/a,n/a,0,n/a
com.serotonin.mango.vo.publish.PublishedPointVO,22,1,1,3,16,10
com.serotonin.mango.vo.publish.PublisherVO,31,1,7,3,68,44
com.serotonin.mango.vo.publish.PublisherVO.Type,8,n/a,4,n/a,13,14
com.serotonin.mango.vo.publish.httpSender.HttpPointVO,5,2,2,0,12,7
com.serotonin.mango.vo.publish.httpSender.HttpSenderVO,13,2,10,0,54,32
com.serotonin.mango.vo.publish.pachube.PachubePointVO,6,2,2,0,10,7
com.serotonin.mango.vo.publish.pachube.PachubeSenderVO,13,2,7,0,30,21
com.serotonin.mango.vo.publish.persistent.PersistentPointVO,6,2,3,0,10,9
com.serotonin.mango.vo.publish.persistent.PersistentSenderVO,13,2,8,0,46,28
com.serotonin.mango.vo.report.DiscreteTimeSeries,10,1,3,0,22,14
com.serotonin.mango.vo.report.DiscreteTimeSeries.ValueDescription,1,1,2,0,5,4
com.serotonin.mango.vo.report.EventCsvStreamer,5,1,0,0,20,6
com.serotonin.mango.vo.report.ImageChartUtils,11,1,2,0,68,19
com.serotonin.mango.vo.report.PointTimeSeriesCollection,8,1,1,0,28,21
com.serotonin.mango.vo.report.ReportChartCreator,19,1,1,0,52,24
com.serotonin.mango.vo.report.ReportChartCreator.PointStatistics,12,1,9,0,49,35
com.serotonin.mango.vo.report.ReportChartCreator.StartsAndRuntimeWrapper,3,1,1,0,11,4
com.serotonin.mango.vo.report.ReportChartCreator.StreamHandler,22,1,1,0,64,28
com.serotonin.mango.vo.report.ReportCsvStreamer,8,1,1,0,19,5
com.serotonin.mango.vo.report.ReportDataStreamHandler,n/a,n/a,n/a,n/a,3,n/a
com.serotonin.mango.vo.report.ReportDataValue,7,1,4,0,11,11
com.serotonin.mango.vo.report.ReportInstance,11,1,7,0,66,51
com.serotonin.mango.vo.report.ReportJob,5,2,2,0,19,7
com.serotonin.mango.vo.report.ReportPointInfo,7,1,7,0,17,17
com.serotonin.mango.vo.report.ReportPointVO,3,1,3,0,14,10
com.serotonin.mango.vo.report.ReportUserComment,4,1,6,0,14,13
com.serotonin.mango.vo.report.ReportVO,14,1,33,0,87,75
com.serotonin.mango.vo.report.UserCommentCsvStreamer,5,1,0,0,13,5
com.serotonin.mango.web.ContextWrapper,93,1,1,0,26,23
com.serotonin.mango.web.comparators.BaseComparator,4,1,1,3,1,1
com.serotonin.mango.web.comparators.DataPointComparator,2,2,1,0,12,13
com.serotonin.mango.web.comparators.EventInstanceComparator,2,2,1,0,10,17
com.serotonin.mango.web.dwr.BaseDwr,49,1,8,20,93,44
com.serotonin.mango.web.dwr.CompoundEventsDwr,16,2,4,0,50,16
com.serotonin.mango.web.dwr.CustomViewDwr,8,2,2,0,14,4
com.serotonin.mango.web.dwr.DataPointDetailsDwr,20,2,2,0,65,14
com.serotonin.mango.web.dwr.DataPointEditDwr,25,2,1,0,83,43
com.serotonin.mango.web.dwr.DataSourceEditDwr,120,3,41,0,668,241
com.serotonin.mango.web.dwr.DataSourceListDwr,14,2,3,1,37,8
com.serotonin.mango.web.dwr.EmportDwr,21,2,4,0,47,22
com.serotonin.mango.web.dwr.EventHandlersDwr,34,2,5,0,102,28
com.serotonin.mango.web.dwr.EventsDwr,7,2,1,0,27,12
com.serotonin.mango.web.dwr.MailingListsDwr,9,2,4,0,48,11
com.serotonin.mango.web.dwr.MaintenanceEventsDwr,10,2,2,0,57,13
com.serotonin.mango.web.dwr.MiscDwr,29,2,7,0,154,77
com.serotonin.mango.web.dwr.PointHierarchyDwr,3,1,2,0,6,2
com.serotonin.mango.web.dwr.PointLinksDwr,18,2,3,0,57,20
com.serotonin.mango.web.dwr.PublisherEditDwr,19,2,5,0,53,12
com.serotonin.mango.web.dwr.PublisherListDwr,10,2,2,0,19,4
com.serotonin.mango.web.dwr.ReportsDwr,17,2,5,0,92,34
com.serotonin.mango.web.dwr.ScheduledEventsDwr,7,2,3,0,46,8
com.serotonin.mango.web.dwr.SystemSettingsDwr,18,2,6,0,64,19
com.serotonin.mango.web.dwr.UsersDwr,15,2,5,0,59,23
com.serotonin.mango.web.dwr.ViewDwr,40,2,7,0,154,100
com.serotonin.mango.web.dwr.WatchListDwr,24,2,10,0,116,57
com.serotonin.mango.web.dwr.beans.AutoShutOff,6,2,1,6,10,7
com.serotonin.mango.web.dwr.beans.BACnetDiscovery,5,2,1,0,87,41
com.serotonin.mango.web.dwr.beans.BACnetObjectBean,2,1,6,0,25,24
com.serotonin.mango.web.dwr.beans.BasePointState,8,1,2,2,11,13
com.serotonin.mango.web.dwr.beans.CustomComponentState,6,1,2,0,12,11
com.serotonin.mango.web.dwr.beans.DataExportDefinition,4,1,3,0,4,4
com.serotonin.mango.web.dwr.beans.DataPointBean,5,1,6,0,18,11
com.serotonin.mango.web.dwr.beans.DataPointDefaulter,n/a,n/a,n/a,n/a,1,n/a
com.serotonin.mango.web.dwr.beans.EBI25InterfaceReader,16,1,5,0,113,28
com.serotonin.mango.web.dwr.beans.EBI25InterfaceUpdater,4,1,1,0,22,4
com.serotonin.mango.web.dwr.beans.EBI25LoggerInfo,1,1,10,0,20,20
com.serotonin.mango.web.dwr.beans.EventInstanceBean,2,1,4,0,5,5
com.serotonin.mango.web.dwr.beans.EventSourceBean,3,1,3,0,6,5
com.serotonin.mango.web.dwr.beans.GalilCommandTester,4,2,1,0,21,10
com.serotonin.mango.web.dwr.beans.HttpReceiverDataListener,8,1,3,0,17,9
com.serotonin.mango.web.dwr.beans.HttpSenderTester,5,2,2,0,21,9
com.serotonin.mango.web.dwr.beans.ImportTask,37,2,2,0,146,93
com.serotonin.mango.web.dwr.beans.IntegerPair,1,1,2,0,6,6
com.serotonin.mango.web.dwr.beans.MBusDataBlockBean,1,1,4,0,10,7
com.serotonin.mango.web.dwr.beans.MBusDeviceBean,1,1,3,0,18,10
com.serotonin.mango.web.dwr.beans.MBusDiscovery,7,1,1,0,41,13
com.serotonin.mango.web.dwr.beans.MBusDiscovery.SearchThread,1,2,1,0,7,2
com.serotonin.mango.web.dwr.beans.MBusResponseFrameBean,2,1,3,0,12,7
com.serotonin.mango.web.dwr.beans.ModbusNodeScanListener,2,1,2,0,23,12
com.serotonin.mango.web.dwr.beans.NmeaUtilListener,6,1,1,0,28,11
com.serotonin.mango.web.dwr.beans.OpenV4JDataPointBean,2,1,2,0,12,7
com.serotonin.mango.web.dwr.beans.OpenV4JDiscovery,6,1,1,0,44,17
com.serotonin.mango.web.dwr.beans.OpenV4JDiscovery.SearchThread,1,2,1,0,8,2
com.serotonin.mango.web.dwr.beans.OpenV4JProtocolBean,2,1,2,0,7,5
com.serotonin.mango.web.dwr.beans.RecipientListEntryBean,16,1,1,0,27,25
com.serotonin.mango.web.dwr.beans.RenderedPointValueTime,1,1,3,0,8,8
com.serotonin.mango.web.dwr.beans.SnmpOidGet,3,2,2,0,23,6
com.serotonin.mango.web.dwr.beans.SpinwaveSensorListener,3,1,2,0,27,12
com.serotonin.mango.web.dwr.beans.SqlStatementTester,2,2,2,0,30,16
com.serotonin.mango.web.dwr.beans.TestingUtility,n/a,n/a,n/a,n/a,1,n/a
com.serotonin.mango.web.dwr.beans.ViewComponentState,4,2,1,0,13,10
com.serotonin.mango.web.dwr.beans.WatchListState,6,2,1,0,12,9
com.serotonin.mango.web.dwr.longPoll.LongPollData,3,1,6,0,13,11
com.serotonin.mango.web.dwr.longPoll.LongPollRequest,2,1,9,0,18,18
com.serotonin.mango.web.dwr.longPoll.LongPollState,6,1,6,0,24,24
com.serotonin.mango.web.dwr.util.AdminAjaxFilter,1,1,1,0,3,1
com.serotonin.mango.web.dwr.util.LoggedInAjaxFilter,2,1,1,0,6,1
com.serotonin.mango.web.dwr.util.LoggedInAjaxMethodFilter,3,1,1,0,8,2
com.serotonin.mango.web.email.MangoEmailContent,11,3,2,0,13,7
com.serotonin.mango.web.email.MessageFormatDirective,2,1,1,0,11,7
com.serotonin.mango.web.email.SubjectDirective,1,1,1,0,22,21
com.serotonin.mango.web.email.UsedImagesDirective,2,1,1,0,10,4
com.serotonin.mango.web.filter.ExceptionDetectionFilter,2,1,1,0,5,2
com.serotonin.mango.web.filter.HttpResponseHeaderFilter,0,1,2,0,8,4
com.serotonin.mango.web.filter.LoggedInFilter,4,1,2,1,17,7
com.serotonin.mango.web.filter.NormalLoggedInFilter,2,2,1,0,1,1
com.serotonin.mango.web.filter.WebContextFilter,0,1,2,0,8,3
com.serotonin.mango.web.integration.CrowdUtils,5,1,3,0,30,13
com.serotonin.mango.web.mvc.SimpleFormRedirectController,1,8,2,1,10,6
com.serotonin.mango.web.mvc.controller.ControllerUtils,12,1,2,0,18,8
com.serotonin.mango.web.mvc.controller.DataPointDetailsController,18,6,1,0,37,12
com.serotonin.mango.web.mvc.controller.DataPointEditController,16,8,3,0,56,27
com.serotonin.mango.web.mvc.controller.DataSourceEditController,13,6,1,0,29,9
com.serotonin.mango.web.mvc.controller.DataSourceListController,13,8,2,0,25,6
com.serotonin.mango.web.mvc.controller.DataSourceListController.DataSourceComparator,6,2,1,0,14,11
com.serotonin.mango.web.mvc.controller.LoginController,5,8,2,0,39,27
com.serotonin.mango.web.mvc.controller.LogoutController,3,5,1,0,9,4
com.serotonin.mango.web.mvc.controller.MobileWatchListController,15,7,1,0,35,5
com.serotonin.mango.web.mvc.controller.MobileWatchListState,1,1,5,0,10,10
com.serotonin.mango.web.mvc.controller.PublicViewController,4,6,1,0,13,6
com.serotonin.mango.web.mvc.controller.PublisherEditController,12,6,1,0,29,6
com.serotonin.mango.web.mvc.controller.ReportChartController,9,5,1,0,20,2
com.serotonin.mango.web.mvc.controller.ReportChartController.ReportChartView,1,1,2,0,5,3
com.serotonin.mango.web.mvc.controller.SqlController,5,7,1,0,18,11
com.serotonin.mango.web.mvc.controller.ViewEditController,9,9,3,0,55,23
com.serotonin.mango.web.mvc.controller.ViewsController,6,6,1,0,18,3
com.serotonin.mango.web.mvc.controller.WatchListController,9,6,1,1,29,10
com.serotonin.mango.web.mvc.controller.WebcamLiveFeedController,3,6,1,0,12,2
com.serotonin.mango.web.mvc.form.LoginForm,1,1,2,0,4,4
com.serotonin.mango.web.mvc.form.SqlForm,1,1,4,0,8,8
com.serotonin.mango.web.mvc.form.ViewEditForm,2,1,2,0,4,4
com.serotonin.mango.web.mvc.interceptor.CommonDataInterceptor,3,1,3,0,8,3
com.serotonin.mango.web.servlet.AsyncImageChartServlet,9,4,1,0,37,15
com.serotonin.mango.web.servlet.AsyncImageChartServlet.PointDataRetriever,16,1,1,0,29,14
com.serotonin.mango.web.servlet.BaseInfoServlet,4,3,1,4,3,2
com.serotonin.mango.web.servlet.ChartExportServlet,12,3,1,0,26,9
com.serotonin.mango.web.servlet.HttpDataSourceServlet,7,3,1,0,38,26
com.serotonin.mango.web.servlet.ImageChartServlet,13,4,1,0,48,22
com.serotonin.mango.web.servlet.ImageChartServlet.CacheElement,1,1,1,0,4,3
com.serotonin.mango.web.servlet.ImageValueServlet,5,4,1,0,23,5
com.serotonin.mango.web.servlet.ReportChartServlet,3,4,1,0,8,4
com.serotonin.mango.web.servlet.ReportEventExportServlet,1,4,1,0,2,1
com.serotonin.mango.web.servlet.ReportExportBase,10,3,1,3,15,4
com.serotonin.mango.web.servlet.ReportExportServlet,1,4,1,0,2,1
com.serotonin.mango.web.servlet.ReportUserCommentExportServlet,1,4,1,0,2,1
com.serotonin.mango.web.taglib.ChartPointTag,1,2,1,0,10,6
com.serotonin.mango.web.taglib.ChartTag,7,3,1,0,21,9
com.serotonin.mango.web.taglib.CustomViewInitTag,4,2,1,0,10,5
com.serotonin.mango.web.taglib.Functions,13,1,6,0,34,18
com.serotonin.mango.web.taglib.SimplePointTag,3,3,1,0,11,6
com.serotonin.mango.web.taglib.StaticPointTag,11,3,1,0,23,9
com.serotonin.mango.web.taglib.ViewTagSupport,8,2,2,3,9,4
test.acceptance.ExampleSeleniumTests,0,1,1,0,14,3
test.unit.DateUtilsTests,3,1,1,0,3,1

